Date,melt_rate,Seconds
2018-08-02 17:30:00,2.5712633333333335,0.0
2018-08-02 17:45:00,2.5977633333333334,900.0
2018-08-02 18:00:00,2.606596666666667,1800.0
2018-08-02 18:15:00,2.616159166666667,2700.0
2018-08-02 18:30:00,2.62143,3600.0
2018-08-02 18:45:00,2.623805,4500.0
2018-08-02 19:00:00,2.6232357142857143,5400.0
2018-08-02 19:15:00,2.612100416666667,6300.0
2018-08-02 19:30:00,2.6022544444444446,7200.0
2018-08-02 19:45:00,2.5774693333333336,8100.000000000001
2018-08-02 20:00:00,2.5439330303030308,9000.0
2018-08-02 20:15:00,2.515381944444445,9900.0
2018-08-02 20:30:00,2.4597382051282053,10800.0
2018-08-02 20:45:00,2.395702380952381,11700.0
2018-08-02 21:00:00,2.3386380000000004,12600.0
2018-08-02 21:15:00,2.2470991111111114,13500.0
2018-08-02 21:30:00,2.1512602222222226,14400.0
2018-08-02 21:45:00,1.9829760000000003,15300.000000000002
2018-08-02 22:00:00,1.813319555555556,16200.000000000002
2018-08-02 22:15:00,1.643818666666667,17100.0
2018-08-02 22:30:00,1.4747733333333337,18000.0
2018-08-02 22:45:00,1.3067853333333337,18900.0
2018-08-02 23:00:00,1.1445084444444449,19800.0
2018-08-02 23:15:00,0.9829426666666669,20700.0
2018-08-02 23:30:00,0.8326491111111113,21600.0
2018-08-02 23:45:00,0.6920777777777779,22500.0
2018-08-03 00:00:00,0.5519897777777778,23400.0
2018-08-03 00:15:00,0.43918888888888896,24300.0
2018-08-03 00:30:00,0.3416397777777778,25200.0
2018-08-03 00:45:00,0.24565733333333337,26100.0
2018-08-03 01:00:00,0.17244533333333334,27000.0
2018-08-03 01:15:00,0.101512,27900.0
2018-08-03 01:30:00,0.10307777777777778,28800.0
2018-08-03 01:45:00,0.10307777777777778,29700.000000000004
2018-08-03 02:00:00,0.10555466666666667,30600.000000000004
2018-08-03 02:15:00,0.10772044444444445,31500.000000000004
2018-08-03 02:30:00,0.11034733333333334,32400.000000000004
2018-08-03 02:45:00,0.11297422222222223,33300.0
2018-08-03 03:00:00,0.11529555555555557,34200.0
2018-08-03 03:15:00,0.11792244444444445,35100.0
2018-08-03 03:30:00,0.12086044444444446,36000.0
2018-08-03 03:45:00,0.12256511111111112,36900.0
2018-08-03 04:00:00,0.12350311111111112,37800.0
2018-08-03 04:15:00,0.12444111111111113,38700.0
2018-08-03 04:30:00,0.12522355555555556,39600.0
2018-08-03 04:45:00,0.12631711111111113,40500.0
2018-08-03 05:00:00,0.12666533333333335,41400.0
2018-08-03 05:15:00,0.12711533333333336,42300.0
2018-08-03 05:30:00,0.1293828888888889,43200.0
2018-08-03 05:45:00,0.12917355555555557,44100.0
2018-08-03 06:00:00,0.13057355555555558,45000.0
2018-08-03 06:15:00,0.131668,45900.0
2018-08-03 06:30:00,0.13430688888888892,46800.0
2018-08-03 06:45:00,0.138168,47700.0
2018-08-03 07:00:00,0.14440133333333335,48600.0
2018-08-03 07:15:00,0.15047355555555558,49500.0
2018-08-03 07:30:00,0.15917355555555557,50400.0
2018-08-03 07:45:00,0.1690957777777778,51300.0
2018-08-03 08:00:00,0.18003644444444444,52200.0
2018-08-03 08:15:00,0.19143822222222223,53100.0
2018-08-03 08:30:00,0.20338266666666668,54000.0
2018-08-03 08:45:00,0.2149677777777778,54900.0
2018-08-03 09:00:00,0.22861955555555558,55800.0
2018-08-03 09:15:00,0.24515288888888892,56700.0
2018-08-03 09:30:00,0.2626195555555556,57600.0
2018-08-03 09:45:00,0.27954911111111114,58500.00000000001
2018-08-03 10:00:00,0.2988713333333334,59400.00000000001
2018-08-03 10:15:00,0.31720644444444446,60300.00000000001
2018-08-03 10:30:00,0.33478044444444444,61200.00000000001
2018-08-03 10:45:00,0.34937111111111113,62100.00000000001
2018-08-03 11:00:00,0.36358222222222225,63000.00000000001
2018-08-03 11:15:00,0.37746000000000013,63900.00000000001
2018-08-03 11:30:00,0.38997111111111116,64800.00000000001
2018-08-03 11:45:00,0.4020693333333334,65700.0
2018-08-03 12:00:00,0.4180360000000001,66600.0
2018-08-03 12:15:00,0.4383044444444446,67500.0
2018-08-03 12:30:00,0.4590711111111113,68400.0
2018-08-03 12:45:00,0.4788544444444446,69300.0
2018-08-03 13:00:00,0.49669155555555566,70200.0
2018-08-03 13:15:00,0.5128397777777779,71100.0
2018-08-03 13:30:00,0.528376888888889,72000.0
2018-08-03 13:45:00,0.5415157777777778,72900.0
2018-08-03 14:00:00,0.554852888888889,73800.0
2018-08-03 14:15:00,0.5640473333333333,74700.0
2018-08-03 14:30:00,0.5730917777777778,75600.0
2018-08-03 14:45:00,0.5833935555555556,76500.0
2018-08-03 15:00:00,0.5899046666666667,77400.0
2018-08-03 15:15:00,0.5958953333333333,78300.0
2018-08-03 15:30:00,0.6014304444444445,79200.0
2018-08-03 15:45:00,0.6034731111111111,80100.0
2018-08-03 16:00:00,0.6005102222222223,81000.0
2018-08-03 16:15:00,0.5975473333333333,81900.0
2018-08-03 16:30:00,0.5953195555555556,82800.0
2018-08-03 16:45:00,0.5925806666666668,83700.0
2018-08-03 17:00:00,0.5907473333333333,84600.0
2018-08-03 17:15:00,0.5919713333333333,85500.0
2018-08-03 17:30:00,0.5930786666666666,86400.0
2018-08-03 17:45:00,0.5940304444444444,87300.0
2018-08-03 18:00:00,0.6004637777777777,88200.0
2018-08-03 18:15:00,0.6060082222222222,89100.0
2018-08-03 18:30:00,0.6069082222222222,90000.0
2018-08-03 18:45:00,0.6102377777777778,90900.0
2018-08-03 19:00:00,0.6129488888888889,91800.0
2018-08-03 19:15:00,0.6135026666666666,92700.0
2018-08-03 19:30:00,0.6129248888888889,93600.0
2018-08-03 19:45:00,0.6118637777777777,94500.0
2018-08-03 20:00:00,0.6077304444444444,95400.0
2018-08-03 20:15:00,0.601323111111111,96300.0
2018-08-03 20:30:00,0.5948397777777777,97200.0
2018-08-03 20:45:00,0.5885064444444443,98100.0
2018-08-03 21:00:00,0.5786657777777777,99000.0
2018-08-03 21:15:00,0.5695362222222222,99900.0
2018-08-03 21:30:00,0.5604066666666666,100800.0
2018-08-03 21:45:00,0.5497826666666665,101700.0
2018-08-03 22:00:00,0.5410975555555554,102600.0
2018-08-03 22:15:00,0.536329111111111,103500.0
2018-08-03 22:30:00,0.5319662222222221,104400.0
2018-08-03 22:45:00,0.5294644444444443,105300.0
2018-08-03 23:00:00,0.5271088888888887,106200.0
2018-08-03 23:15:00,0.5243828888888887,107100.0
2018-08-03 23:30:00,0.5170273333333332,108000.0
2018-08-03 23:45:00,0.5119124444444443,108900.0
2018-08-04 00:00:00,0.5046735555555554,109800.0
2018-08-04 00:15:00,0.4967957777777776,110700.0
2018-08-04 00:30:00,0.4879846666666665,111600.0
2018-08-04 00:45:00,0.47875866666666655,112500.0
2018-08-04 01:00:00,0.46833644444444433,113400.0
2018-08-04 01:15:00,0.4557548888888888,114300.0
2018-08-04 01:30:00,0.44217155555555554,115200.0
2018-08-04 01:45:00,0.42858822222222215,116100.0
2018-08-04 02:00:00,0.4131771111111111,117000.00000000001
2018-08-04 02:15:00,0.39810488888888884,117900.00000000001
2018-08-04 02:30:00,0.3829271111111111,118800.00000000001
2018-08-04 02:45:00,0.3688659999999999,119700.00000000001
2018-08-04 03:00:00,0.3551808888888889,120600.00000000001
2018-08-04 03:15:00,0.34600866666666663,121500.00000000001
2018-08-04 03:30:00,0.33631799999999995,122400.00000000001
2018-08-04 03:45:00,0.32815688888888883,123300.00000000001
2018-08-04 04:00:00,0.32032911111111106,124200.00000000001
2018-08-04 04:15:00,0.31343466666666664,125100.00000000001
2018-08-04 04:30:00,0.30725511111111103,126000.00000000001
2018-08-04 04:45:00,0.3009328888888888,126900.00000000001
2018-08-04 05:00:00,0.2958699999999999,127800.00000000001
2018-08-04 05:15:00,0.29266066666666657,128700.00000000001
2018-08-04 05:30:00,0.2887884444444444,129600.00000000001
2018-08-04 05:45:00,0.28752733333333325,130500.00000000001
2018-08-04 06:00:00,0.2862624444444444,131400.0
2018-08-04 06:15:00,0.2875697777777777,132300.0
2018-08-04 06:30:00,0.2921197777777777,133200.0
2018-08-04 06:45:00,0.2987586666666666,134100.0
2018-08-04 07:00:00,0.30972533333333324,135000.0
2018-08-04 07:15:00,0.3253437777777777,135900.0
2018-08-04 07:30:00,0.34411777777777774,136800.0
2018-08-04 07:45:00,0.3601195555555554,137700.0
2018-08-04 08:00:00,0.3767917777777777,138600.0
2018-08-04 08:15:00,0.3960324444444444,139500.0
2018-08-04 08:30:00,0.41749533333333333,140400.0
2018-08-04 08:45:00,0.44562488888888885,141300.0
2018-08-04 09:00:00,0.47283977777777775,142200.0
2018-08-04 09:15:00,0.5039342222222222,143100.0
2018-08-04 09:30:00,0.5550064444444445,144000.0
2018-08-04 09:45:00,0.6051935555555554,144900.0
2018-08-04 10:00:00,0.6595195555555555,145800.0
2018-08-04 10:15:00,0.7114473333333333,146700.0
2018-08-04 10:30:00,0.7649768888888889,147600.0
2018-08-04 10:45:00,0.8207508888888889,148500.0
2018-08-04 11:00:00,0.8721675555555556,149400.0
2018-08-04 11:15:00,0.9220380000000001,150300.0
2018-08-04 11:30:00,0.9828584444444446,151200.0
2018-08-04 11:45:00,1.0639584444444445,152100.0
2018-08-04 12:00:00,1.1668862222222227,153000.0
2018-08-04 12:15:00,1.2795788888888895,153900.0
2018-08-04 12:30:00,1.3931566666666673,154800.0
2018-08-04 12:45:00,1.5101306666666672,155700.0
2018-08-04 13:00:00,1.6238640000000006,156600.0
2018-08-04 13:15:00,1.7231362222222228,157500.0
2018-08-04 13:30:00,1.8218306666666673,158400.0
2018-08-04 13:45:00,1.9142528888888897,159300.0
2018-08-04 14:00:00,2.0044917777777784,160200.0
2018-08-04 14:15:00,2.0893066666666673,161100.0
2018-08-04 14:30:00,2.168493777777779,162000.0
2018-08-04 14:45:00,2.251164222222223,162900.0
2018-08-04 15:00:00,2.346342000000001,163800.0
2018-08-04 15:15:00,2.4318753333333345,164700.0
2018-08-04 15:30:00,2.500532666666668,165600.0
2018-08-04 15:45:00,2.553949333333334,166500.0
2018-08-04 16:00:00,2.6019271111111113,167400.0
2018-08-04 16:15:00,2.6444142222222227,168300.0
2018-08-04 16:30:00,2.682545777777779,169200.0
2018-08-04 16:45:00,2.7205142222222234,170100.0
2018-08-04 17:00:00,2.754510444444446,171000.0
2018-08-04 17:15:00,2.788688222222224,171900.0
2018-08-04 17:30:00,2.815301111111112,172800.0
2018-08-04 17:45:00,2.8473584444444455,173700.0
2018-08-04 18:00:00,2.8690528888888904,174600.0
2018-08-04 18:15:00,2.8889806666666678,175500.0
2018-08-04 18:30:00,2.8939768888888904,176400.0
2018-08-04 18:45:00,2.884878666666668,177300.0
2018-08-04 19:00:00,2.8749026666666677,178200.0
2018-08-04 19:15:00,2.843519333333334,179100.0
2018-08-04 19:30:00,2.796695333333334,180000.0
2018-08-04 19:45:00,2.743039777777779,180900.0
2018-08-04 20:00:00,2.6855620000000013,181800.0
2018-08-04 20:15:00,2.6258175555555563,182700.0
2018-08-04 20:30:00,2.564060222222223,183600.0
2018-08-04 20:45:00,2.4932584444444457,184500.0
2018-08-04 21:00:00,2.4187973333333344,185400.0
2018-08-04 21:15:00,2.342451111111112,186300.0
2018-08-04 21:30:00,2.259140000000001,187200.0
2018-08-04 21:45:00,2.178712222222223,188100.0
2018-08-04 22:00:00,2.0907900000000006,189000.0
2018-08-04 22:15:00,2.0063455555555563,189900.0
2018-08-04 22:30:00,1.916212222222223,190800.0
2018-08-04 22:45:00,1.818616000000001,191700.0
2018-08-04 23:00:00,1.7241493333333344,192600.0
2018-08-04 23:15:00,1.6317215555555566,193500.0
2018-08-04 23:30:00,1.5216326666666677,194400.0
2018-08-04 23:45:00,1.4121104444444454,195300.0
2018-08-05 00:00:00,1.30565488888889,196200.0
2018-08-05 00:15:00,1.1978937777777787,197100.0
2018-08-05 00:30:00,1.0963660000000008,198000.0
2018-08-05 00:45:00,0.9952677777777785,198900.0
2018-08-05 01:00:00,0.9008288888888895,199800.0
2018-08-05 01:15:00,0.806860444444445,200700.0
2018-08-05 01:30:00,0.7209826666666672,201600.0
2018-08-05 01:45:00,0.6423437777777784,202500.0
2018-08-05 02:00:00,0.5726437777777784,203400.0
2018-08-05 02:15:00,0.5065531111111117,204300.0
2018-08-05 02:30:00,0.44801422222222276,205200.0
2018-08-05 02:45:00,0.4030791111111116,206100.0
2018-08-05 03:00:00,0.36314577777777823,207000.0
2018-08-05 03:15:00,0.3412957777777783,207900.0
2018-08-05 03:30:00,0.31988466666666715,208800.0
2018-08-05 03:45:00,0.2986957777777783,209700.0
2018-08-05 04:00:00,0.2790513333333338,210600.0
2018-08-05 04:15:00,0.26080133333333383,211500.0
2018-08-05 04:30:00,0.24632177777777825,212400.0
2018-08-05 04:45:00,0.2328162222222227,213300.0
2018-08-05 05:00:00,0.22345688888888937,214200.0
2018-08-05 05:15:00,0.21497355555555603,215100.0
2018-08-05 05:30:00,0.20659200000000044,216000.0
2018-08-05 05:45:00,0.19669022222222265,216900.0
2018-08-05 06:00:00,0.19030311111111153,217800.0
2018-08-05 06:15:00,0.18763644444444488,218700.0
2018-08-05 06:30:00,0.1846697777777782,219600.0
2018-08-05 06:45:00,0.1820364444444449,220500.0
2018-08-05 07:00:00,0.18026600000000043,221400.0
2018-08-05 07:15:00,0.18360666666666708,222300.0
2018-08-05 07:30:00,0.1900806666666671,223200.0
2018-08-05 07:45:00,0.2046268888888893,224100.0
2018-08-05 08:00:00,0.22460466666666706,225000.0
2018-08-05 08:15:00,0.2506231111111115,225900.0
2018-08-05 08:30:00,0.28543422222222264,226800.0
2018-08-05 08:45:00,0.32782688888888933,227700.0
2018-08-05 09:00:00,0.37731022222222266,228600.0
2018-08-05 09:15:00,0.4342602222222227,229500.0
2018-08-05 09:30:00,0.4997008888888894,230400.0
2018-08-05 09:45:00,0.5723842222222227,231300.0
2018-08-05 10:00:00,0.6463008888888895,232200.0
2018-08-05 10:15:00,0.7279526666666671,233100.0
2018-08-05 10:30:00,0.8160211111111115,234000.00000000003
2018-08-05 10:45:00,0.9101748888888893,234900.00000000003
2018-08-05 11:00:00,1.0082342222222227,235800.00000000003
2018-08-05 11:15:00,1.1110731111111118,236700.00000000003
2018-08-05 11:30:00,1.2148620000000008,237600.00000000003
2018-08-05 11:45:00,1.3190786666666674,238500.00000000003
2018-08-05 12:00:00,1.4274991111111117,239400.00000000003
2018-08-05 12:15:00,1.5407713333333337,240300.00000000003
2018-08-05 12:30:00,1.652078666666667,241200.00000000003
2018-08-05 12:45:00,1.7625064444444447,242100.00000000003
2018-08-05 13:00:00,1.8729657777777782,243000.00000000003
2018-08-05 13:15:00,1.9811880000000004,243900.00000000003
2018-08-05 13:30:00,2.087526888888889,244800.00000000003
2018-08-05 13:45:00,2.194150888888889,245700.00000000003
2018-08-05 14:00:00,2.298339777777778,246600.00000000003
2018-08-05 14:15:00,2.399384222222223,247500.00000000003
2018-08-05 14:30:00,2.497213777777778,248400.00000000003
2018-08-05 14:45:00,2.589958222222222,249300.00000000003
2018-08-05 15:00:00,2.6773471111111107,250200.00000000003
2018-08-05 15:15:00,2.7582526666666665,251100.00000000003
2018-08-05 15:30:00,2.8302766666666663,252000.00000000003
2018-08-05 15:45:00,2.8913228888888884,252900.00000000003
2018-08-05 16:00:00,2.9412857777777774,253800.00000000003
2018-08-05 16:15:00,2.986969111111111,254700.00000000003
2018-08-05 16:30:00,3.027132,255600.00000000003
2018-08-05 16:45:00,3.0594486666666665,256500.00000000003
2018-08-05 17:00:00,3.0852302222222217,257400.00000000003
2018-08-05 17:15:00,3.1046951111111105,258300.00000000003
2018-08-05 17:30:00,3.118237777777777,259200.00000000003
2018-08-05 17:45:00,3.1234266666666657,260100.00000000003
2018-08-05 18:00:00,3.1207766666666656,261000.00000000003
2018-08-05 18:15:00,3.1117471111111104,261900.00000000003
2018-08-05 18:30:00,3.095141555555555,262800.0
2018-08-05 18:45:00,3.0712471111111106,263700.0
2018-08-05 19:00:00,3.041806444444444,264600.0
2018-08-05 19:15:00,3.009038,265500.0
2018-08-05 19:30:00,2.9687546666666664,266400.0
2018-08-05 19:45:00,2.921841777777778,267300.0
2018-08-05 20:00:00,2.8650844444444448,268200.0
2018-08-05 20:15:00,2.8009826666666666,269100.0
2018-08-05 20:30:00,2.732895555555556,270000.0
2018-08-05 20:45:00,2.6535844444444447,270900.0
2018-08-05 21:00:00,2.561564,271800.0
2018-08-05 21:15:00,2.4682528888888893,272700.0
2018-08-05 21:30:00,2.372147333333334,273600.0
2018-08-05 21:45:00,2.271378888888889,274500.0
2018-08-05 22:00:00,2.1708362222222224,275400.0
2018-08-05 22:15:00,2.063902888888889,276300.0
2018-08-05 22:30:00,1.958786222222222,277200.0
2018-08-05 22:45:00,1.8546935555555555,278100.0
2018-08-05 23:00:00,1.7380602222222221,279000.0
2018-08-05 23:15:00,1.6258324444444443,279900.0
2018-08-05 23:30:00,1.5129675555555553,280800.0
2018-08-05 23:45:00,1.4006675555555554,281700.0
2018-08-06 00:00:00,1.290969333333333,282600.0
2018-08-06 00:15:00,1.1789731111111108,283500.0
2018-08-06 00:30:00,1.0741471111111105,284400.0
2018-08-06 00:45:00,0.9812342222222217,285300.0
2018-08-06 01:00:00,0.8877731111111106,286200.0
2018-08-06 01:15:00,0.7988879999999995,287100.0
2018-08-06 01:30:00,0.7172102222222215,288000.0
2018-08-06 01:45:00,0.6375824444444438,288900.0
2018-08-06 02:00:00,0.5686379999999993,289800.0
2018-08-06 02:15:00,0.5023084444444437,290700.0
2018-08-06 02:30:00,0.4393288888888881,291600.0
2018-08-06 02:45:00,0.39432888888888806,292500.0
2018-08-06 03:00:00,0.3530159999999992,293400.0
2018-08-06 03:15:00,0.31641977777777697,294300.0
2018-08-06 03:30:00,0.2869031111111103,295200.0
2018-08-06 03:45:00,0.2612179999999992,296100.0
2018-08-06 04:00:00,0.24237355555555473,297000.0
2018-08-06 04:15:00,0.22856622222222142,297900.0
2018-08-06 04:30:00,0.214421777777777,298800.0
2018-08-06 04:45:00,0.20506622222222143,299700.0
2018-08-06 05:00:00,0.19696622222222143,300600.0
2018-08-06 05:15:00,0.18903288888888808,301500.0
2018-08-06 05:30:00,0.18217733333333253,302400.0
2018-08-06 05:45:00,0.17687733333333253,303300.0
2018-08-06 06:00:00,0.1716679999999992,304200.0
2018-08-06 06:15:00,0.16699022222222143,305100.0
2018-08-06 06:30:00,0.16217911111111033,306000.0
2018-08-06 06:45:00,0.15937355555555477,306900.0
2018-08-06 07:00:00,0.1591679999999992,307800.0
2018-08-06 07:15:00,0.162469777777777,308700.0
2018-08-06 07:30:00,0.1713826666666659,309600.0
2018-08-06 07:45:00,0.186093777777777,310500.0
2018-08-06 08:00:00,0.20808444444444363,311400.0
2018-08-06 08:15:00,0.23863066666666588,312300.0
2018-08-06 08:30:00,0.2787695555555548,313200.0
2018-08-06 08:45:00,0.3279213333333326,314100.0
2018-08-06 09:00:00,0.38452866666666585,315000.0
2018-08-06 09:15:00,0.44452133333333255,315900.0
2018-08-06 09:30:00,0.5117619999999993,316800.0
2018-08-06 09:45:00,0.5803491111111103,317700.0
2018-08-06 10:00:00,0.6516175555555548,318600.0
2018-08-06 10:15:00,0.7348175555555547,319500.0
2018-08-06 10:30:00,0.8295786666666658,320400.0
2018-08-06 10:45:00,0.9256471111111103,321300.0
2018-08-06 11:00:00,1.027241555555555,322200.0
2018-08-06 11:15:00,1.1405471111111105,323100.0
2018-08-06 11:30:00,1.2494211111111104,324000.0
2018-08-06 11:45:00,1.3629026666666662,324900.0
2018-08-06 12:00:00,1.4744953333333328,325800.0
2018-08-06 12:15:00,1.587019333333333,326700.0
2018-08-06 12:30:00,1.6941748888888883,327600.0
2018-08-06 12:45:00,1.7974748888888883,328500.0
2018-08-06 13:00:00,1.9087433333333328,329400.0
2018-08-06 13:15:00,2.0268915555555553,330300.0
2018-08-06 13:30:00,2.145819333333333,331200.0
2018-08-06 13:45:00,2.2490637777777773,332100.0
2018-08-06 14:00:00,2.3403599999999996,333000.0
2018-08-06 14:15:00,2.418100666666666,333900.0
2018-08-06 14:30:00,2.4935951111111105,334800.0
2018-08-06 14:45:00,2.5396839999999994,335700.0
2018-08-06 15:00:00,2.5676895555555546,336600.0
2018-08-06 15:15:00,2.5690173333333326,337500.0
2018-08-06 15:30:00,2.552167333333333,338400.0
2018-08-06 15:45:00,2.5289062222222216,339300.0
2018-08-06 16:00:00,2.493837777777777,340200.0
2018-08-06 16:15:00,2.4546193333333326,341100.0
2018-08-06 16:30:00,2.4060508888888883,342000.0
2018-08-06 16:45:00,2.3429564444444435,342900.0
2018-08-06 17:00:00,2.2608193333333317,343800.0
2018-08-06 17:15:00,2.1770599999999987,344700.0
2018-08-06 17:30:00,2.1027266666666655,345600.0
2018-08-06 17:45:00,2.022865555555554,346500.0
2018-08-06 18:00:00,1.9437359999999988,347400.0
2018-08-06 18:15:00,1.8618119999999987,348300.0
2018-08-06 18:30:00,1.7985435555555542,349200.0
2018-08-06 18:45:00,1.7353195555555543,350100.0
2018-08-06 19:00:00,1.6943066666666653,351000.0
2018-08-06 19:15:00,1.6532362222222208,351900.0
2018-08-06 19:30:00,1.6060491111111097,352800.0
2018-08-06 19:45:00,1.5487657777777764,353700.0
2018-08-06 20:00:00,1.4886508888888874,354600.0
2018-08-06 20:15:00,1.4334859999999987,355500.0
2018-08-06 20:30:00,1.3803842222222211,356400.0
2018-08-06 20:45:00,1.3308602222222212,357300.0
2018-08-06 21:00:00,1.2795879999999988,358200.0
2018-08-06 21:15:00,1.2297935555555546,359100.0
2018-08-06 21:30:00,1.1834713333333324,360000.0
2018-08-06 21:45:00,1.1320491111111102,360900.0
2018-08-06 22:00:00,1.0767102222222213,361800.0
2018-08-06 22:15:00,1.0191713333333323,362700.0
2018-08-06 22:30:00,0.9603768888888878,363600.0
2018-08-06 22:45:00,0.9053786666666657,364500.0
2018-08-06 23:00:00,0.8568731111111101,365400.0
2018-08-06 23:15:00,0.8137379999999991,366300.0
2018-08-06 23:30:00,0.7771342222222213,367200.0
2018-08-06 23:45:00,0.741350888888888,368100.0
2018-08-07 00:00:00,0.7058991111111101,369000.0
2018-08-07 00:15:00,0.6705213333333323,369900.0
2018-08-07 00:30:00,0.6335397777777768,370800.0
2018-08-07 00:45:00,0.5971842222222212,371700.0
2018-08-07 01:00:00,0.5609046666666657,372600.0
2018-08-07 01:15:00,0.5260102222222213,373500.0
2018-08-07 01:30:00,0.4949324444444435,374400.0
2018-08-07 01:45:00,0.47086022222222124,375300.0
2018-08-07 02:00:00,0.45069911111111016,376200.0
2018-08-07 02:15:00,0.4332768888888878,377100.0
2018-08-07 02:30:00,0.41637511111111014,378000.0
2018-08-07 02:45:00,0.4003622222222212,378900.0
2018-08-07 03:00:00,0.38488999999999896,379800.0
2018-08-07 03:15:00,0.3741104444444434,380700.0
2018-08-07 03:30:00,0.36675866666666557,381600.0
2018-08-07 03:45:00,0.36004755555555445,382500.0
2018-08-07 04:00:00,0.3539753333333322,383400.0
2018-08-07 04:15:00,0.34925133333333225,384300.0
2018-08-07 04:30:00,0.34416622222222115,385200.0
2018-08-07 04:45:00,0.34116622222222115,386100.0
2018-08-07 05:00:00,0.33898666666666555,387000.0
2018-08-07 05:15:00,0.33750333333333227,387900.0
2018-08-07 05:30:00,0.33602555555555447,388800.0
2018-08-07 05:45:00,0.3351422222222211,389700.0
2018-08-07 06:00:00,0.3359884444444433,390600.0
2018-08-07 06:15:00,0.3366662222222211,391500.0
2018-08-07 06:30:00,0.33827733333333215,392400.0
2018-08-07 06:45:00,0.34401066666666547,393300.0
2018-08-07 07:00:00,0.35558466666666544,394200.0
2018-08-07 07:15:00,0.3679419999999989,395100.0
2018-08-07 07:30:00,0.38436599999999876,396000.0
2018-08-07 07:45:00,0.4047382222222211,396900.0
2018-08-07 08:00:00,0.42581777777777663,397800.0
2018-08-07 08:15:00,0.45144555555555443,398700.0
2018-08-07 08:30:00,0.4808399999999988,399600.0
2018-08-07 08:45:00,0.5102733333333321,400500.0
2018-08-07 09:00:00,0.5431584444444433,401400.0
2018-08-07 09:15:00,0.5778806666666655,402300.0
2018-08-07 09:30:00,0.6149973333333321,403200.0
2018-08-07 09:45:00,0.6544455555555544,404100.0
2018-08-07 10:00:00,0.6998084444444432,405000.0
2018-08-07 10:15:00,0.7537768888888877,405900.0
2018-08-07 10:30:00,0.8138619999999988,406800.0
2018-08-07 10:45:00,0.8698564444444431,407700.0
2018-08-07 11:00:00,0.9230231111111098,408600.0
2018-08-07 11:15:00,0.9810897777777764,409500.0
2018-08-07 11:30:00,1.0365248888888876,410400.0
2018-08-07 11:45:00,1.092719333333332,411300.0
2018-08-07 12:00:00,1.13352111111111,412200.0
2018-08-07 12:15:00,1.1705506666666656,413100.0
2018-08-07 12:30:00,1.206207999999999,414000.0
2018-08-07 12:45:00,1.2388635555555547,414900.0
2018-08-07 13:00:00,1.2724024444444435,415800.0
2018-08-07 13:15:00,1.30221911111111,416700.0
2018-08-07 13:30:00,1.3284135555555545,417600.0
2018-08-07 13:45:00,1.341956222222221,418500.0
2018-08-07 14:00:00,1.3438988888888874,419400.0
2018-08-07 14:15:00,1.3399877777777764,420300.0
2018-08-07 14:30:00,1.333876666666665,421200.0
2018-08-07 14:45:00,1.3205099999999983,422100.0
2018-08-07 15:00:00,1.2980693333333317,423000.0
2018-08-07 15:15:00,1.2609637777777762,423900.0
2018-08-07 15:30:00,1.2210693333333318,424800.0
2018-08-07 15:45:00,1.1930953333333316,425700.0
2018-08-07 16:00:00,1.1601213333333316,426600.0
2018-08-07 16:15:00,1.1244768888888872,427500.0
2018-08-07 16:30:00,1.086865777777776,428400.0
2018-08-07 16:45:00,1.0466786666666648,429300.0
2018-08-07 17:00:00,1.0089971111111091,430200.0
2018-08-07 17:15:00,0.9712155555555535,431100.0
2018-08-07 17:30:00,0.9409284444444423,432000.0
2018-08-07 17:45:00,0.9113746666666646,432900.0
2018-08-07 18:00:00,0.893407999999998,433800.0
2018-08-07 18:15:00,0.8834062222222203,434700.0
2018-08-07 18:30:00,0.8835377777777759,435600.0
2018-08-07 18:45:00,0.8860506666666648,436500.0
2018-08-07 19:00:00,0.9048339999999981,437400.0
2018-08-07 19:15:00,0.9259673333333315,438300.0
2018-08-07 19:30:00,0.9466302222222204,439200.0
2018-08-07 19:45:00,0.9714153333333315,440100.0
2018-08-07 20:00:00,0.9990264444444427,441000.0
2018-08-07 20:15:00,1.0241802222222205,441900.0
2018-08-07 20:30:00,1.0494784444444427,442800.0
2018-08-07 20:45:00,1.0711822222222203,443700.0
2018-08-07 21:00:00,1.0858971111111093,444600.0
2018-08-07 21:15:00,1.1000304444444426,445500.0
2018-08-07 21:30:00,1.1096953333333315,446400.0
2018-08-07 21:45:00,1.1004602222222204,447300.0
2018-08-07 22:00:00,1.0756713333333314,448200.0
2018-08-07 22:15:00,1.050915777777776,449100.0
2018-08-07 22:30:00,1.0172213333333315,450000.0
2018-08-07 22:45:00,0.9759602222222203,450900.0
2018-08-07 23:00:00,0.9324935555555537,451800.0
2018-08-07 23:15:00,0.8851917777777759,452700.0
2018-08-07 23:30:00,0.8369066666666647,453600.0
2018-08-07 23:45:00,0.790289999999998,454500.0
2018-08-08 00:00:00,0.7459973333333315,455400.0
2018-08-08 00:15:00,0.6995362222222203,456300.0
2018-08-08 00:30:00,0.6552546666666649,457200.0
2018-08-08 00:45:00,0.616839777777776,458100.0
2018-08-08 01:00:00,0.5786564444444428,459000.0
2018-08-08 01:15:00,0.5442453333333316,459900.0
2018-08-08 01:30:00,0.5138008888888871,460800.0
2018-08-08 01:45:00,0.4921231111111093,461700.0
2018-08-08 02:00:00,0.46928422222222044,462600.0
2018-08-08 02:15:00,0.4534102222222204,463500.0
2018-08-08 02:30:00,0.44334733333333143,464400.0
2018-08-08 02:45:00,0.4346177777777759,465300.0
2018-08-08 03:00:00,0.43320666666666474,466200.0
2018-08-08 03:15:00,0.43248999999999804,467100.0
2018-08-08 03:30:00,0.43011044444444246,468000.00000000006
2018-08-08 03:45:00,0.43084199999999806,468900.00000000006
2018-08-08 04:00:00,0.43170311111110915,469800.00000000006
2018-08-08 04:15:00,0.43133466666666465,470700.00000000006
2018-08-08 04:30:00,0.4346495555555535,471600.00000000006
2018-08-08 04:45:00,0.43555333333333124,472500.00000000006
2018-08-08 05:00:00,0.4386088888888868,473400.00000000006
2018-08-08 05:15:00,0.4425366666666646,474300.00000000006
2018-08-08 05:30:00,0.4448644444444424,475200.00000000006
2018-08-08 05:45:00,0.4453033333333313,476100.00000000006
2018-08-08 06:00:00,0.45145333333333126,477000.00000000006
2018-08-08 06:15:00,0.45794222222222025,477900.00000000006
2018-08-08 06:30:00,0.46290333333333133,478800.00000000006
2018-08-08 06:45:00,0.46658844444444236,479700.00000000006
2018-08-08 07:00:00,0.4768162222222202,480600.00000000006
2018-08-08 07:15:00,0.48537733333333133,481500.00000000006
2018-08-08 07:30:00,0.49158466666666467,482400.00000000006
2018-08-08 07:45:00,0.49939199999999806,483300.00000000006
2018-08-08 08:00:00,0.506904888888887,484200.00000000006
2018-08-08 08:15:00,0.5136677777777758,485100.00000000006
2018-08-08 08:30:00,0.5256511111111092,486000.00000000006
2018-08-08 08:45:00,0.5389344444444426,486900.00000000006
2018-08-08 09:00:00,0.5528011111111093,487800.00000000006
2018-08-08 09:15:00,0.5640399999999981,488700.00000000006
2018-08-08 09:30:00,0.5783399999999982,489600.00000000006
2018-08-08 09:45:00,0.5864584444444426,490500.00000000006
2018-08-08 10:00:00,0.5958973333333316,491400.00000000006
2018-08-08 10:15:00,0.6140473333333315,492300.00000000006
2018-08-08 10:30:00,0.6323084444444427,493200.00000000006
2018-08-08 10:45:00,0.6478195555555538,494100.00000000006
2018-08-08 11:00:00,0.6661639999999983,495000.00000000006
2018-08-08 11:15:00,0.6909399999999982,495900.00000000006
2018-08-08 11:30:00,0.7264382222222205,496800.00000000006
2018-08-08 11:45:00,0.7849364444444427,497700.00000000006
2018-08-08 12:00:00,0.8446753333333316,498600.00000000006
2018-08-08 12:15:00,0.9148642222222205,499500.00000000006
2018-08-08 12:30:00,0.9880253333333316,500400.00000000006
2018-08-08 12:45:00,1.0680159999999983,501300.00000000006
2018-08-08 13:00:00,1.1509177777777762,502200.00000000006
2018-08-08 13:15:00,1.2394344444444427,503100.00000000006
2018-08-08 13:30:00,1.3294548888888873,504000.00000000006
2018-08-08 13:45:00,1.4211177777777761,504900.00000000006
2018-08-08 14:00:00,1.5072399999999984,505800.00000000006
2018-08-08 14:15:00,1.608628888888887,506700.00000000006
2018-08-08 14:30:00,1.7506251111111093,507600.00000000006
2018-08-08 14:45:00,1.8914435555555538,508500.00000000006
2018-08-08 15:00:00,2.028345333333332,509400.00000000006
2018-08-08 15:15:00,2.1213119999999988,510300.00000000006
2018-08-08 15:30:00,2.191706444444443,511200.00000000006
2018-08-08 15:45:00,2.2987602222222208,512100.00000000006
2018-08-08 16:00:00,2.4004564444444427,513000.00000000006
2018-08-08 16:15:00,2.4875453333333315,513900.00000000006
2018-08-08 16:30:00,2.542737999999998,514800.00000000006
2018-08-08 16:45:00,2.601019555555554,515700.00000000006
2018-08-08 17:00:00,2.651052888888888,516600.00000000006
2018-08-08 17:15:00,2.7001973333333322,517500.00000000006
2018-08-08 17:30:00,2.742836222222221,518400.00000000006
2018-08-08 17:45:00,2.7829435555555544,519300.00000000006
2018-08-08 18:00:00,2.809558444444443,520200.00000000006
2018-08-08 18:15:00,2.7889862222222206,521100.00000000006
2018-08-08 18:30:00,2.747889999999998,522000.00000000006
2018-08-08 18:45:00,2.690543777777776,522900.00000000006
2018-08-08 19:00:00,2.665815999999998,523800.00000000006
2018-08-08 19:15:00,2.6385733333333317,524700.0
2018-08-08 19:30:00,2.554362222222221,525600.0
2018-08-08 19:45:00,2.4558677777777764,526500.0
2018-08-08 20:00:00,2.3655455555555545,527400.0
2018-08-08 20:15:00,2.2752899999999987,528300.0
2018-08-08 20:30:00,2.1706417777777767,529200.0
2018-08-08 20:45:00,2.065932444444443,530100.0
2018-08-08 21:00:00,1.9601008888888876,531000.0
2018-08-08 21:15:00,1.8544768888888876,531900.0
2018-08-08 21:30:00,1.7356362222222208,532800.0
2018-08-08 21:45:00,1.5959473333333316,533700.0
2018-08-08 22:00:00,1.4557751111111095,534600.0
2018-08-08 22:15:00,1.3359695555555537,535500.0
2018-08-08 22:30:00,1.228930666666665,536400.0
2018-08-08 22:45:00,1.1208084444444428,537300.0
2018-08-08 23:00:00,1.0156751111111095,538200.0
2018-08-08 23:15:00,0.9267528888888871,539100.0
2018-08-08 23:30:00,0.8419622222222204,540000.0
2018-08-08 23:45:00,0.7579473333333314,540900.0
2018-08-09 00:00:00,0.6963879999999981,541800.0
2018-08-09 00:15:00,0.6430306666666649,542700.0
2018-08-09 00:30:00,0.587167777777776,543600.0
2018-08-09 00:45:00,0.531493777777776,544500.0
2018-08-09 01:00:00,0.47726777777777596,545400.0
2018-08-09 01:15:00,0.4361344444444426,546300.0
2018-08-09 01:30:00,0.41338444444444256,547200.0
2018-08-09 01:45:00,0.3931382222222204,548100.0
2018-08-09 02:00:00,0.3737826666666648,549000.0
2018-08-09 02:15:00,0.35538822222222033,549900.0
2018-08-09 02:30:00,0.33791599999999816,550800.0
2018-08-09 02:45:00,0.32281977777777593,551700.0
2018-08-09 03:00:00,0.30601977777777595,552600.0
2018-08-09 03:15:00,0.29153088888888706,553500.0
2018-08-09 03:30:00,0.27756799999999815,554400.0
2018-08-09 03:45:00,0.26483288888888706,555300.0
2018-08-09 04:00:00,0.2560884444444426,556200.0
2018-08-09 04:15:00,0.25152733333333155,557100.0
2018-08-09 04:30:00,0.2478939999999982,558000.0
2018-08-09 04:45:00,0.2441866666666649,558900.0
2018-08-09 05:00:00,0.24117555555555376,559800.0
2018-08-09 05:15:00,0.2369699999999982,560700.0
2018-08-09 05:30:00,0.2344088888888871,561600.0
2018-08-09 05:45:00,0.2306366666666649,562500.0
2018-08-09 06:00:00,0.22715888888888713,563400.0
2018-08-09 06:15:00,0.2244366666666649,564300.0
2018-08-09 06:30:00,0.21948111111110935,565200.0
2018-08-09 06:45:00,0.21646999999999825,566100.0
2018-08-09 07:00:00,0.21341622222222045,567000.0
2018-08-09 07:15:00,0.2111902222222205,567900.0
2018-08-09 07:30:00,0.2122253333333316,568800.0
2018-08-09 07:45:00,0.21383644444444272,569700.0
2018-08-09 08:00:00,0.21743266666666494,570600.0
2018-08-09 08:15:00,0.22809555555555383,571500.0
2018-08-09 08:30:00,0.23889733333333163,572400.0
2018-08-09 08:45:00,0.252091777777776,573300.0
2018-08-09 09:00:00,0.2683491111111094,574200.0
2018-08-09 09:15:00,0.29072866666666497,575100.0
2018-08-09 09:30:00,0.31703977777777603,576000.0
2018-08-09 09:45:00,0.34513599999999833,576900.0
2018-08-09 10:00:00,0.37408599999999836,577800.0
2018-08-09 10:15:00,0.3680757777777761,578700.0
2018-08-09 10:30:00,0.3626766666666651,579600.0
2018-08-09 10:45:00,0.35702022222222063,580500.0
2018-08-09 11:00:00,0.35023599999999844,581400.0
2018-08-09 11:15:00,0.34049066666666505,582300.0
2018-08-09 11:30:00,0.3297193333333317,583200.0
2018-08-09 11:45:00,0.31680733333333166,584100.0
2018-08-09 12:00:00,0.29698422222222054,585000.0
2018-08-09 12:15:00,0.27762222222222055,585900.0
2018-08-09 12:30:00,0.25647311111110943,586800.0
2018-08-09 12:45:00,0.23241111111110943,587700.0
2018-08-09 13:00:00,0.2019268888888872,588600.0
2018-08-09 13:15:00,0.16887222222222054,589500.0
2018-08-09 13:30:00,0.1349379999999983,590400.0
2018-08-09 13:45:00,0.1,591300.0
2018-08-09 14:00:00,0.1,592200.0
2018-08-09 14:15:00,0.1,593100.0
2018-08-09 14:30:00,0.1,594000.0
2018-08-09 14:45:00,0.1,594900.0
2018-08-09 15:00:00,0.1,595800.0
2018-08-09 15:15:00,0.1,596700.0
2018-08-09 15:30:00,0.1,597600.0
2018-08-09 15:45:00,0.1,598500.0
2018-08-09 16:00:00,0.1,599400.0
2018-08-09 16:15:00,0.1,600300.0
2018-08-09 16:30:00,0.1,601200.0
2018-08-09 16:45:00,0.1,602100.0
2018-08-09 17:00:00,0.1,603000.0
2018-08-09 17:15:00,0.1,603900.0
2018-08-09 17:30:00,0.1,604800.0
2018-08-09 17:45:00,0.1,605700.0
2018-08-09 18:00:00,0.1,606600.0
2018-08-09 18:15:00,0.1,607500.0
2018-08-09 18:30:00,0.1,608400.0
2018-08-09 18:45:00,0.1,609300.0
2018-08-09 19:00:00,0.1,610200.0
2018-08-09 19:15:00,0.1,611100.0
2018-08-09 19:30:00,0.1,612000.0
2018-08-09 19:45:00,0.1,612900.0
2018-08-09 20:00:00,0.1,613800.0
2018-08-09 20:15:00,0.1,614700.0
2018-08-09 20:30:00,0.1,615600.0
2018-08-09 20:45:00,0.1,616500.0
2018-08-09 21:00:00,0.1,617400.0
2018-08-09 21:15:00,0.1,618300.0
2018-08-09 21:30:00,0.1,619200.0
2018-08-09 21:45:00,0.1,620100.0
2018-08-09 22:00:00,0.1,621000.0
2018-08-09 22:15:00,0.1,621900.0
2018-08-09 22:30:00,0.1,622800.0
2018-08-09 22:45:00,0.1,623700.0
2018-08-09 23:00:00,0.11613799999999831,624600.0
2018-08-09 23:15:00,0.1304888888888872,625500.0
2018-08-09 23:30:00,0.1417657777777761,626400.0
2018-08-09 23:45:00,0.1507777777777761,627300.0
2018-08-10 00:00:00,0.15900644444444278,628200.0
2018-08-10 00:15:00,0.16442399999999832,629100.0
2018-08-10 00:30:00,0.16442399999999832,630000.0
2018-08-10 00:45:00,0.16442399999999832,630900.0
2018-08-10 01:00:00,0.16442399999999832,631800.0
2018-08-10 01:15:00,0.16442399999999832,632700.0
2018-08-10 01:30:00,0.16442399999999832,633600.0
2018-08-10 01:45:00,0.16442399999999832,634500.0
2018-08-10 02:00:00,0.16442399999999832,635400.0
2018-08-10 02:15:00,0.16442399999999832,636300.0
2018-08-10 02:30:00,0.16442399999999832,637200.0
2018-08-10 02:45:00,0.1482859999999983,638100.0
2018-08-10 03:00:00,0.13393511111110945,639000.0
2018-08-10 03:15:00,0.12265822222222054,639900.0
2018-08-10 03:30:00,0.11364622222222054,640800.0
2018-08-10 03:45:00,0.10541755555555388,641700.0
2018-08-10 04:00:00,0.1,642600.0
2018-08-10 04:15:00,0.1,643500.0
2018-08-10 04:30:00,0.1,644400.0
2018-08-10 04:45:00,0.1,645300.0
2018-08-10 05:00:00,0.1,646200.0
2018-08-10 05:15:00,0.1,647100.0
2018-08-10 05:30:00,0.1,648000.0
2018-08-10 05:45:00,0.1,648900.0
2018-08-10 06:00:00,0.1,649800.0
2018-08-10 06:15:00,0.1,650700.0
2018-08-10 06:30:00,0.1,651600.0
2018-08-10 06:45:00,0.1,652500.0
2018-08-10 07:00:00,0.1,653400.0
2018-08-10 07:15:00,0.1,654300.0
2018-08-10 07:30:00,0.10758422222222054,655200.0
2018-08-10 07:45:00,0.11867777777777609,656100.0
2018-08-10 08:00:00,0.13819911111110944,657000.0
2018-08-10 08:15:00,0.16469999999999835,657900.0
2018-08-10 08:30:00,0.1998435555555539,658800.0
2018-08-10 08:45:00,0.2434315555555539,659700.0
2018-08-10 09:00:00,0.29581022222222053,660600.0
2018-08-10 09:15:00,0.35536111111110946,661500.0
2018-08-10 09:30:00,0.42160088888888725,662400.0
2018-08-10 09:45:00,0.4958277777777761,663300.0
2018-08-10 10:00:00,0.5779231111111095,664200.0
2018-08-10 10:15:00,0.6669611111111095,665100.0
2018-08-10 10:30:00,0.7644953333333316,666000.0
2018-08-10 10:45:00,0.8712333333333316,666900.0
2018-08-10 11:00:00,0.9854897777777761,667800.0
2018-08-10 11:15:00,1.098178666666665,668700.0
2018-08-10 11:30:00,1.2148471111111094,669600.0
2018-08-10 11:45:00,1.328026666666665,670500.0
2018-08-10 12:00:00,1.4410193333333317,671400.0
2018-08-10 12:15:00,1.5514859999999984,672300.0
2018-08-10 12:30:00,1.659104444444443,673200.0
2018-08-10 12:45:00,1.7647248888888873,674100.0
2018-08-10 13:00:00,1.8689508888888875,675000.0
2018-08-10 13:15:00,1.9725602222222207,675900.0
2018-08-10 13:30:00,2.071428666666665,676800.0
2018-08-10 13:45:00,2.168545333333332,677700.0
2018-08-10 14:00:00,2.26282311111111,678600.0
2018-08-10 14:15:00,2.3522897777777767,679500.0
2018-08-10 14:30:00,2.4332731111111103,680400.0
2018-08-10 14:45:00,2.509187999999999,681300.0
2018-08-10 15:00:00,2.5812102222222215,682200.0
2018-08-10 15:15:00,2.6478751111111105,683100.0
2018-08-10 15:30:00,2.709456666666666,684000.0
2018-08-10 15:45:00,2.7648344444444444,684900.0
2018-08-10 16:00:00,2.81454,685800.0
2018-08-10 16:15:00,2.8579104444444443,686700.0
2018-08-10 16:30:00,2.894782666666667,687600.0
2018-08-10 16:45:00,2.9261715555555554,688500.0
2018-08-10 17:00:00,2.9505733333333337,689400.0
2018-08-10 17:15:00,2.971773333333334,690300.0
2018-08-10 17:30:00,2.984506666666667,691200.0
2018-08-10 17:45:00,2.988962222222222,692100.0
2018-08-10 18:00:00,2.9870882222222224,693000.0
2018-08-10 18:15:00,2.9788344444444443,693900.0
2018-08-10 18:30:00,2.9623844444444445,694800.0
2018-08-10 18:45:00,2.939467777777778,695700.0
2018-08-10 19:00:00,2.9085288888888887,696600.0
2018-08-10 19:15:00,2.8764251111111108,697500.0
2018-08-10 19:30:00,2.8390324444444444,698400.0
2018-08-10 19:45:00,2.794032444444444,699300.0
2018-08-10 20:00:00,2.7416119999999995,700200.0
2018-08-10 20:15:00,2.6696582222222216,701100.0
2018-08-10 20:30:00,2.5926599999999995,702000.0
2018-08-10 20:45:00,2.5104471111111106,702900.0
2018-08-10 21:00:00,2.421835999999999,703800.0
2018-08-10 21:15:00,2.332785999999999,704700.0
2018-08-10 21:30:00,2.2369933333333325,705600.0
2018-08-10 21:45:00,2.1421284444444435,706500.0
2018-08-10 22:00:00,2.0436099999999993,707400.0
2018-08-10 22:15:00,1.941437777777777,708300.0
2018-08-10 22:30:00,1.8370915555555547,709200.0
2018-08-10 22:45:00,1.738109999999999,710100.0
2018-08-10 23:00:00,1.6377248888888878,711000.0
2018-08-10 23:15:00,1.538761999999999,711900.0
2018-08-10 23:30:00,1.4358453333333323,712800.0
2018-08-10 23:45:00,1.3263935555555546,713700.0
2018-08-11 00:00:00,1.2250268888888882,714600.0
2018-08-11 00:15:00,1.125765777777777,715500.0
2018-08-11 00:30:00,1.0306602222222212,716400.0
2018-08-11 00:45:00,0.9401917777777768,717300.0
2018-08-11 01:00:00,0.8515788888888879,718200.0
2018-08-11 01:15:00,0.7727622222222212,719100.0
2018-08-11 01:30:00,0.6951104444444435,720000.0
2018-08-11 01:45:00,0.6263215555555545,720900.0
2018-08-11 02:00:00,0.5666326666666657,721800.0
2018-08-11 02:15:00,0.5136104444444435,722700.0
2018-08-11 02:30:00,0.4609642222222212,723600.0
2018-08-11 02:45:00,0.4101364444444434,724500.0
2018-08-11 03:00:00,0.3630364444444434,725400.0
2018-08-11 03:15:00,0.32660311111111,726300.0
2018-08-11 03:30:00,0.3057586666666656,727200.0
2018-08-11 03:45:00,0.2956235555555545,728100.0
2018-08-11 04:00:00,0.28813288888888783,729000.0
2018-08-11 04:15:00,0.28156622222222116,729900.0
2018-08-11 04:30:00,0.2762662222222212,730800.0
2018-08-11 04:45:00,0.2720495555555545,731700.0
2018-08-11 05:00:00,0.26820333333333224,732600.0
2018-08-11 05:15:00,0.26490888888888786,733500.0
2018-08-11 05:30:00,0.2629977777777767,734400.0
2018-08-11 05:45:00,0.2613866666666656,735300.0
2018-08-11 06:00:00,0.26010333333333224,736200.0
2018-08-11 06:15:00,0.25990888888888786,737100.0
2018-08-11 06:30:00,0.2625495555555545,738000.0
2018-08-11 06:45:00,0.2666495555555545,738900.0
2018-08-11 07:00:00,0.27048288888888783,739800.0
2018-08-11 07:15:00,0.27513844444444335,740700.0
2018-08-11 07:30:00,0.2819217777777767,741600.0
2018-08-11 07:45:00,0.28974577777777666,742500.0
2018-08-11 08:00:00,0.3059697777777767,743400.0
2018-08-11 08:15:00,0.32746044444444333,744300.0
2018-08-11 08:30:00,0.34880111111111,745200.0
2018-08-11 08:45:00,0.37190111111111,746100.0
2018-08-11 09:00:00,0.39761222222222115,747000.0
2018-08-11 09:15:00,0.4270473333333322,747900.0
2018-08-11 09:30:00,0.45726577777777666,748800.0
2018-08-11 09:45:00,0.49051577777777666,749700.0
2018-08-11 10:00:00,0.5236102222222211,750600.0
2018-08-11 10:15:00,0.5592806666666655,751500.0
2018-08-11 10:30:00,0.5962046666666655,752400.0
2018-08-11 10:45:00,0.6351175555555545,753300.0
2018-08-11 11:00:00,0.6756342222222212,754200.0
2018-08-11 11:15:00,0.7152897777777768,755100.0
2018-08-11 11:30:00,0.7612102222222212,756000.0
2018-08-11 11:45:00,0.8005639999999989,756900.0
2018-08-11 12:00:00,0.8617344444444435,757800.0
2018-08-11 12:15:00,0.9323659999999991,758700.0
2018-08-11 12:30:00,1.002582666666666,759600.0
2018-08-11 12:45:00,1.0820826666666659,760500.0
2018-08-11 13:00:00,1.1694642222222216,761400.0
2018-08-11 13:15:00,1.2771124444444437,762300.0
2018-08-11 13:30:00,1.3999697777777769,763200.0
2018-08-11 13:45:00,1.5358993333333324,764100.0
2018-08-11 14:00:00,1.6702455555555547,765000.0
2018-08-11 14:15:00,1.8002566666666655,765900.0
2018-08-11 14:30:00,1.8971548888888878,766800.0
2018-08-11 14:45:00,1.9910215555555544,767700.0
2018-08-11 15:00:00,2.0846493333333322,768600.0
2018-08-11 15:15:00,2.165699333333332,769500.0
2018-08-11 15:30:00,2.24537711111111,770400.0
2018-08-11 15:45:00,2.299010444444444,771300.0
2018-08-11 16:00:00,2.3368344444444435,772200.0
2018-08-11 16:15:00,2.371419555555555,773100.0
2018-08-11 16:30:00,2.396015777777777,774000.0
2018-08-11 16:45:00,2.408367555555555,774900.0
2018-08-11 17:00:00,2.3999637777777774,775800.0
2018-08-11 17:15:00,2.3881508888888883,776700.0
2018-08-11 17:30:00,2.361449111111111,777600.0
2018-08-11 17:45:00,2.3322584444444447,778500.0
2018-08-11 18:00:00,2.27794,779400.0
2018-08-11 18:15:00,2.254528888888889,780300.0
2018-08-11 18:30:00,2.2260400000000002,781200.0
2018-08-11 18:45:00,2.1879806666666664,782100.0
2018-08-11 19:00:00,2.1335362222222223,783000.0
2018-08-11 19:15:00,2.068288,783900.0
2018-08-11 19:30:00,1.9991991111111111,784800.0
2018-08-11 19:45:00,1.9297473333333335,785700.0
2018-08-11 20:00:00,1.8619306666666668,786600.0
2018-08-11 20:15:00,1.7898455555555557,787500.0
2018-08-11 20:30:00,1.7060233333333332,788400.0
2018-08-11 20:45:00,1.6062844444444442,789300.0
2018-08-11 21:00:00,1.4886306666666664,790200.0
2018-08-11 21:15:00,1.3664584444444439,791100.0
2018-08-11 21:30:00,1.2436157777777774,792000.0
2018-08-11 21:45:00,1.1462157777777773,792900.0
2018-08-11 22:00:00,1.0493731111111104,793800.0
2018-08-11 22:15:00,0.9568359999999992,794700.0
2018-08-11 22:30:00,0.8687008888888881,795600.0
2018-08-11 22:45:00,0.8003915555555547,796500.0
2018-08-11 23:00:00,0.7392637777777769,797400.0
2018-08-11 23:15:00,0.6806044444444436,798300.0
2018-08-11 23:30:00,0.6282488888888881,799200.0
2018-08-11 23:45:00,0.576337777777777,800100.0
2018-08-12 00:00:00,0.5248155555555548,801000.0
2018-08-12 00:15:00,0.4840971111111103,801900.0
2018-08-12 00:30:00,0.4581804444444436,802800.0
2018-08-12 00:45:00,0.4335675555555547,803700.0
2018-08-12 01:00:00,0.41436199999999923,804600.0
2018-08-12 01:15:00,0.39612688888888803,805500.0
2018-08-12 01:30:00,0.3791935555555547,806400.0
2018-08-12 01:45:00,0.36293066666666585,807300.0
2018-08-12 02:00:00,0.3473011111111103,808200.0
2018-08-12 02:15:00,0.3359622222222214,809100.0
2018-08-12 02:30:00,0.32630488888888803,810000.0
2018-08-12 02:45:00,0.32100866666666583,810900.0
2018-08-12 03:00:00,0.3154513333333324,811800.0
2018-08-12 03:15:00,0.3104513333333324,812700.0
2018-08-12 03:30:00,0.30646066666666577,813600.0
2018-08-12 03:45:00,0.30459399999999914,814500.0
2018-08-12 04:00:00,0.30321622222222133,815400.0
2018-08-12 04:15:00,0.302808888888888,816300.0
2018-08-12 04:30:00,0.3038533333333324,817200.0
2018-08-12 04:45:00,0.30533666666666576,818100.0
2018-08-12 05:00:00,0.30578111111111017,819000.0
2018-08-12 05:15:00,0.30533666666666576,819900.0
2018-08-12 05:30:00,0.30474222222222136,820800.0
2018-08-12 05:45:00,0.3034033333333324,821700.0
2018-08-12 06:00:00,0.30310333333333245,822600.0
2018-08-12 06:15:00,0.3031422222222213,823500.0
2018-08-12 06:30:00,0.3028811111111102,824400.0
2018-08-12 06:45:00,0.3038533333333324,825300.0
2018-08-12 07:00:00,0.3060922222222213,826200.0
2018-08-12 07:15:00,0.3089699999999991,827100.0
2018-08-12 07:30:00,0.3131144444444436,828000.0
2018-08-12 07:45:00,0.3194162222222213,828900.0
2018-08-12 08:00:00,0.3254235555555547,829800.0
2018-08-12 08:15:00,0.33392533333333246,830700.0
2018-08-12 08:30:00,0.34369933333333247,831600.0
2018-08-12 08:45:00,0.36003444444444355,832500.0
2018-08-12 09:00:00,0.37860666666666587,833400.0
2018-08-12 09:15:00,0.40013066666666586,834300.0
2018-08-12 09:30:00,0.4242602222222215,835200.0
2018-08-12 09:45:00,0.4607435555555548,836100.0
2018-08-12 10:00:00,0.5021064444444437,837000.0
2018-08-12 10:15:00,0.5494786666666659,837900.0
2018-08-12 10:30:00,0.6011359999999992,838800.0
2018-08-12 10:45:00,0.6577933333333325,839700.0
2018-08-12 11:00:00,0.717287777777777,840600.0
2018-08-12 11:15:00,0.7818506666666658,841500.0
2018-08-12 11:30:00,0.8480655555555546,842400.0
2018-08-12 11:45:00,0.913937777777777,843300.0
2018-08-12 12:00:00,0.982648888888888,844200.0
2018-08-12 12:15:00,1.0542359999999993,845100.0
2018-08-12 12:30:00,1.1212304444444436,846000.0
2018-08-12 12:45:00,1.2007933333333325,846900.0
2018-08-12 13:00:00,1.2804304444444436,847800.0
2018-08-12 13:15:00,1.360889777777777,848700.0
2018-08-12 13:30:00,1.444217555555555,849600.0
2018-08-12 13:45:00,1.5233657777777772,850500.0
2018-08-12 14:00:00,1.5957657777777772,851400.0
2018-08-12 14:15:00,1.6648751111111106,852300.0
2018-08-12 14:30:00,1.727862222222222,853200.0
2018-08-12 14:45:00,1.787523333333333,854100.0
2018-08-12 15:00:00,1.8375215555555553,855000.0
2018-08-12 15:15:00,1.880899333333333,855900.0
2018-08-12 15:30:00,1.9247642222222219,856800.0
2018-08-12 15:45:00,1.963740222222222,857700.0
2018-08-12 16:00:00,1.998568,858600.0
2018-08-12 16:15:00,2.0320217777777776,859500.0
2018-08-12 16:30:00,2.053181111111111,860400.0
2018-08-12 16:45:00,2.0952088888888887,861300.0
2018-08-12 17:00:00,2.1320477777777778,862200.0
2018-08-12 17:15:00,2.1523255555555556,863100.0
2018-08-12 17:30:00,2.1714199999999995,864000.0
2018-08-12 17:45:00,2.150964444444444,864900.0
2018-08-12 18:00:00,2.1283606666666666,865800.0
2018-08-12 18:15:00,2.104271777777777,866700.0
2018-08-12 18:30:00,2.073623555555555,867600.0
2018-08-12 18:45:00,2.046597555555555,868500.0
2018-08-12 19:00:00,2.0156697777777772,869400.0
2018-08-12 19:15:00,1.970386444444444,870300.0
2018-08-12 19:30:00,1.923499333333333,871200.0
2018-08-12 19:45:00,1.8581899999999996,872100.0
2018-08-12 20:00:00,1.7874362222222218,873000.0
2018-08-12 20:15:00,1.712975111111111,873900.0
2018-08-12 20:30:00,1.6104824444444443,874800.0
2018-08-12 20:45:00,1.5109397777777775,875700.0
2018-08-12 21:00:00,1.411508222222222,876600.0
2018-08-12 21:15:00,1.311693333333333,877500.0
2018-08-12 21:30:00,1.2482506666666662,878400.0
2018-08-12 21:45:00,1.1850339999999997,879300.0
2018-08-12 22:00:00,1.114241333333333,880200.0
2018-08-12 22:15:00,1.0485191111111105,881100.0
2018-08-12 22:30:00,0.9793302222222217,882000.0
2018-08-12 22:45:00,0.9111524444444438,882900.0
2018-08-12 23:00:00,0.8528875555555548,883800.0
2018-08-12 23:15:00,0.7928375555555549,884700.0
2018-08-12 23:30:00,0.7475208888888882,885600.0
2018-08-12 23:45:00,0.7065653333333327,886500.0
2018-08-13 00:00:00,0.6679948888888882,887400.0
2018-08-13 00:15:00,0.6334171111111104,888300.0
2018-08-13 00:30:00,0.5945542222222217,889200.0
2018-08-13 00:45:00,0.5530802222222216,890100.0
2018-08-13 01:00:00,0.5112006666666661,891000.0
2018-08-13 01:15:00,0.4727117777777772,891900.0
2018-08-13 01:30:00,0.4345544444444438,892800.0
2018-08-13 01:45:00,0.40396377777777714,893700.0
2018-08-13 02:00:00,0.374267555555555,894600.0
2018-08-13 02:15:00,0.34774355555555503,895500.0
2018-08-13 02:30:00,0.3279713333333327,896400.0
2018-08-13 02:45:00,0.31264177777777724,897300.0
2018-08-13 03:00:00,0.2993566666666661,898200.0
2018-08-13 03:15:00,0.2899159999999994,899100.0
2018-08-13 03:30:00,0.2811086666666661,900000.0
2018-08-13 03:45:00,0.27050133333333276,900900.0
2018-08-13 04:00:00,0.260649555555555,901800.0
2018-08-13 04:15:00,0.2540384444444439,902700.0
2018-08-13 04:30:00,0.2508217777777772,903600.0
2018-08-13 04:45:00,0.24838844444444386,904500.0
2018-08-13 05:00:00,0.24693111111111052,905400.0
2018-08-13 05:15:00,0.24482555555555496,906300.0
2018-08-13 05:30:00,0.24361999999999942,907200.0
2018-08-13 05:45:00,0.24251622222222166,908100.0
2018-08-13 06:00:00,0.24103288888888832,909000.0
2018-08-13 06:15:00,0.24059577777777721,909900.0
2018-08-13 06:30:00,0.24157533333333278,910800.0
2018-08-13 06:45:00,0.24536977777777721,911700.0
2018-08-13 07:00:00,0.25148644444444385,912600.0
2018-08-13 07:15:00,0.2598437777777772,913500.0
2018-08-13 07:30:00,0.26798266666666604,914400.0
2018-08-13 07:45:00,0.2814493333333327,915300.0
2018-08-13 08:00:00,0.29798266666666606,916200.0
2018-08-13 08:15:00,0.3152993333333327,917100.0
2018-08-13 08:30:00,0.34018444444444385,918000.0
2018-08-13 08:45:00,0.374845555555555,918900.0
2018-08-13 09:00:00,0.4144788888888883,919800.0
2018-08-13 09:15:00,0.45787511111111057,920700.0
2018-08-13 09:30:00,0.505869555555555,921600.0
2018-08-13 09:45:00,0.5779306666666661,922500.0
2018-08-13 10:00:00,0.6486028888888884,923400.0
2018-08-13 10:15:00,0.7269955555555551,924300.0
2018-08-13 10:30:00,0.813845555555555,925200.0
2018-08-13 10:45:00,0.8998955555555551,926100.0
2018-08-13 11:00:00,0.9893771111111107,927000.0
2018-08-13 11:15:00,1.091060444444444,927900.0
2018-08-13 11:30:00,1.1886659999999998,928800.0
2018-08-13 11:45:00,1.2841437777777776,929700.0
2018-08-13 12:00:00,1.3789826666666665,930600.0
2018-08-13 12:15:00,1.4923586666666664,931500.0
2018-08-13 12:30:00,1.5968048888888886,932400.0
2018-08-13 12:45:00,1.7006437777777774,933300.0
2018-08-13 13:00:00,1.8076808888888887,934200.0
2018-08-13 13:15:00,1.9181086666666665,935100.0000000001
2018-08-13 13:30:00,2.0075197777777776,936000.0000000001
2018-08-13 13:45:00,2.1023586666666665,936900.0000000001
2018-08-13 14:00:00,2.1913437777777776,937800.0000000001
2018-08-13 14:15:00,2.274851111111111,938700.0000000001
2018-08-13 14:30:00,2.359664,939600.0000000001
2018-08-13 14:45:00,2.4399379999999997,940500.0000000001
2018-08-13 15:00:00,2.5140157777777774,941400.0000000001
2018-08-13 15:15:00,2.587223111111111,942300.0000000001
2018-08-13 15:30:00,2.6593582222222216,943200.0000000001
2018-08-13 15:45:00,2.7309044444444437,944100.0000000001
2018-08-13 16:00:00,2.7762062222222212,945000.0000000001
2018-08-13 16:15:00,2.8215284444444437,945900.0000000001
2018-08-13 16:30:00,2.8650135555555547,946800.0000000001
2018-08-13 16:45:00,2.902715333333332,947700.0000000001
2018-08-13 17:00:00,2.9232708888888874,948600.0000000001
2018-08-13 17:15:00,2.9369837777777765,949500.0000000001
2018-08-13 17:30:00,2.940755999999999,950400.0000000001
2018-08-13 17:45:00,2.9422671111111103,951300.0000000001
2018-08-13 18:00:00,2.9409115555555547,952200.0000000001
2018-08-13 18:15:00,2.9364226666666657,953100.0000000001
2018-08-13 18:30:00,2.9279004444444436,954000.0000000001
2018-08-13 18:45:00,2.914329999999999,954900.0000000001
2018-08-13 19:00:00,2.896057777777777,955800.0000000001
2018-08-13 19:15:00,2.881263333333333,956700.0000000001
2018-08-13 19:30:00,2.856617111111111,957600.0000000001
2018-08-13 19:45:00,2.8123764444444443,958500.0000000001
2018-08-13 20:00:00,2.7594024444444445,959400.0000000001
2018-08-13 20:15:00,2.702811777777778,960300.0000000001
2018-08-13 20:30:00,2.64421,961200.0000000001
2018-08-13 20:45:00,2.591963777777778,962100.0000000001
2018-08-13 21:00:00,2.5374453333333338,963000.0000000001
2018-08-13 21:15:00,2.486882444444445,963900.0000000001
2018-08-13 21:30:00,2.4353251111111116,964800.0000000001
2018-08-13 21:45:00,2.326814,965700.0000000001
2018-08-13 22:00:00,2.2093973333333334,966600.0000000001
2018-08-13 22:15:00,2.0937862222222225,967500.0000000001
2018-08-13 22:30:00,1.9705695555555556,968400.0000000001
2018-08-13 22:45:00,1.849001111111111,969300.0000000001
2018-08-13 23:00:00,1.722627111111111,970200.0000000001
2018-08-13 23:15:00,1.6062493333333332,971100.0000000001
2018-08-13 23:30:00,1.5010493333333332,972000.0000000001
2018-08-13 23:45:00,1.391916,972900.0000000001
2018-08-14 00:00:00,1.2834604444444444,973800.0000000001
2018-08-14 00:15:00,1.1678659999999998,974700.0000000001
2018-08-14 00:30:00,1.055510444444444,975600.0000000001
2018-08-14 00:45:00,0.9477326666666662,976500.0000000001
2018-08-14 01:00:00,0.8387955555555552,977400.0000000001
2018-08-14 01:15:00,0.7290473333333329,978300.0000000001
2018-08-14 01:30:00,0.6735233333333329,979200.0000000001
2018-08-14 01:45:00,0.6261715555555551,980100.0000000001
2018-08-14 02:00:00,0.5806531111111107,981000.0000000001
2018-08-14 02:15:00,0.5423179999999995,981900.0000000001
2018-08-14 02:30:00,0.5085402222222217,982800.0000000001
2018-08-14 02:45:00,0.47389022222222177,983700.0000000001
2018-08-14 03:00:00,0.4411457777777773,984600.0000000001
2018-08-14 03:15:00,0.41579022222222184,985500.0000000001
2018-08-14 03:30:00,0.4020846666666663,986400.0000000001
2018-08-14 03:45:00,0.38925688888888854,987300.0000000001
2018-08-14 04:00:00,0.384262444444444,988200.0000000001
2018-08-14 04:15:00,0.37857911111111076,989100.0000000001
2018-08-14 04:30:00,0.37652355555555517,990000.0000000001
2018-08-14 04:45:00,0.37474399999999963,990900.0000000001
2018-08-14 05:00:00,0.37345333333333297,991800.0000000001
2018-08-14 05:15:00,0.3725699999999996,992700.0000000001
2018-08-14 05:30:00,0.37183666666666626,993600.0000000001
2018-08-14 05:45:00,0.3699199999999996,994500.0000000001
2018-08-14 06:00:00,0.3691495555555552,995400.0000000001
2018-08-14 06:15:00,0.3662662222222218,996300.0000000001
2018-08-14 06:30:00,0.367288444444444,997200.0000000001
2018-08-14 06:45:00,0.36685688888888845,998100.0000000001
2018-08-14 07:00:00,0.37113088888888845,999000.0000000001
2018-08-14 07:15:00,0.37716044444444397,999900.0000000001
2018-08-14 07:30:00,0.3877955555555551,1000800.0000000001
2018-08-14 07:45:00,0.40497888888888833,1001700.0000000001
2018-08-14 08:00:00,0.4279528888888884,1002600.0000000001
2018-08-14 08:15:00,0.45592133333333285,1003500.0000000001
2018-08-14 08:30:00,0.4847102222222217,1004400.0000000001
2018-08-14 08:45:00,0.5136491111111107,1005300.0000000001
2018-08-14 09:00:00,0.5409657777777773,1006200.0000000001
2018-08-14 09:15:00,0.5679897777777773,1007100.0000000001
2018-08-14 09:30:00,0.5984026666666662,1008000.0000000001
2018-08-14 09:45:00,0.6315786666666662,1008900.0000000001
2018-08-14 10:00:00,0.6652693333333328,1009800.0000000001
2018-08-14 10:15:00,0.7003822222222218,1010700.0000000001
2018-08-14 10:30:00,0.7393599999999996,1011600.0000000001
2018-08-14 10:45:00,0.7791599999999996,1012500.0000000001
2018-08-14 11:00:00,0.8209266666666664,1013400.0000000001
2018-08-14 11:15:00,0.8628193333333329,1014300.0000000001
2018-08-14 11:30:00,0.902193333333333,1015200.0000000001
2018-08-14 11:45:00,0.9396248888888884,1016100.0000000001
2018-08-14 12:00:00,0.9733526666666661,1017000.0000000001
2018-08-14 12:15:00,1.011141555555555,1017900.0000000001
2018-08-14 12:30:00,1.0527599999999995,1018800.0000000001
2018-08-14 12:45:00,1.0984951111111105,1019700.0000000001
2018-08-14 13:00:00,1.149367333333333,1020600.0000000001
2018-08-14 13:15:00,1.1999006666666663,1021500.0000000001
2018-08-14 13:30:00,1.2487617777777775,1022400.0000000001
2018-08-14 13:45:00,1.2996339999999995,1023300.0000000001
2018-08-14 14:00:00,1.3510506666666664,1024200.0000000001
2018-08-14 14:15:00,1.4032266666666664,1025100.0000000001
2018-08-14 14:30:00,1.458015555555555,1026000.0000000001
2018-08-14 14:45:00,1.5095211111111106,1026900.0000000001
2018-08-14 15:00:00,1.5602617777777774,1027800.0000000001
2018-08-14 15:15:00,1.6074117777777774,1028700.0000000001
2018-08-14 15:30:00,1.6520357777777774,1029600.0000000001
2018-08-14 15:45:00,1.694178444444444,1030500.0000000001
2018-08-14 16:00:00,1.7319339999999999,1031400.0000000001
2018-08-14 16:15:00,1.765271111111111,1032300.0000000001
2018-08-14 16:30:00,1.800024888888889,1033200.0000000001
2018-08-14 16:45:00,1.831400888888889,1034100.0000000001
2018-08-14 17:00:00,1.8604713333333338,1035000.0000000001
2018-08-14 17:15:00,1.8938842222222225,1035900.0000000001
2018-08-14 17:30:00,1.9266768888888894,1036800.0000000001
2018-08-14 17:45:00,1.9589935555555562,1037700.0000000001
2018-08-14 18:00:00,1.9919620000000005,1038600.0000000001
2018-08-14 18:15:00,2.017517555555556,1039500.0000000001
2018-08-14 18:30:00,2.033854666666667,1040400.0000000001
2018-08-14 18:45:00,2.045165777777778,1041300.0000000001
2018-08-14 19:00:00,2.0527435555555558,1042200.0000000001
2018-08-14 19:15:00,2.058704666666667,1043100.0000000001
2018-08-14 19:30:00,2.0624620000000005,1044000.0000000001
2018-08-14 19:45:00,2.0338953333333336,1044900.0000000001
2018-08-14 20:00:00,1.9914582222222228,1045800.0000000001
2018-08-14 20:15:00,1.9456360000000004,1046700.0000000001
2018-08-14 20:30:00,1.8776804444444448,1047600.0000000001
2018-08-14 20:45:00,1.799824888888889,1048500.0000000001
2018-08-14 21:00:00,1.7134842222222224,1049400.0
2018-08-14 21:15:00,1.619839777777778,1050300.0
2018-08-14 21:30:00,1.5244935555555559,1051200.0
2018-08-14 21:45:00,1.4208751111111113,1052100.0
2018-08-14 22:00:00,1.314214,1053000.0
2018-08-14 22:15:00,1.2118602222222223,1053900.0
2018-08-14 22:30:00,1.1078751111111114,1054800.0
2018-08-14 22:45:00,1.0059362222222223,1055700.0
2018-08-14 23:00:00,0.9021695555555556,1056600.0
2018-08-14 23:15:00,0.7986566666666666,1057500.0
2018-08-14 23:30:00,0.7250622222222222,1058400.0
2018-08-14 23:45:00,0.6638288888888888,1059300.0
2018-08-15 00:00:00,0.5994528888888888,1060200.0
2018-08-15 00:15:00,0.5552917777777777,1061100.0
2018-08-15 00:30:00,0.5188268888888888,1062000.0
2018-08-15 00:45:00,0.48392311111111097,1062900.0
2018-08-15 01:00:00,0.4533342222222221,1063800.0
2018-08-15 01:15:00,0.42362866666666654,1064700.0
2018-08-15 01:30:00,0.39452311111111105,1065600.0
2018-08-15 01:45:00,0.369499111111111,1066500.0
2018-08-15 02:00:00,0.34714177777777766,1067400.0
2018-08-15 02:15:00,0.32956955555555545,1068300.0
2018-08-15 02:30:00,0.3111233333333332,1069200.0
2018-08-15 02:45:00,0.2934382222222221,1070100.0
2018-08-15 03:00:00,0.2778937777777777,1071000.0
2018-08-15 03:15:00,0.26514377777777764,1071900.0
2018-08-15 03:30:00,0.25629199999999985,1072800.0
2018-08-15 03:45:00,0.2505068888888887,1073700.0
2018-08-15 04:00:00,0.24455688888888874,1074600.0
2018-08-15 04:15:00,0.2411106666666665,1075500.0
2018-08-15 04:30:00,0.23904777777777758,1076400.0
2018-08-15 04:45:00,0.23512555555555537,1077300.0
2018-08-15 05:00:00,0.2291088888888887,1078200.0
2018-08-15 05:15:00,0.2253366666666665,1079100.0
2018-08-15 05:30:00,0.22096444444444424,1080000.0
2018-08-15 05:45:00,0.2171811111111109,1080900.0
2018-08-15 06:00:00,0.21113111111111088,1081800.0
2018-08-15 06:15:00,0.20927177777777756,1082700.0
2018-08-15 06:30:00,0.21031244444444425,1083600.0
2018-08-15 06:45:00,0.21038466666666644,1084500.0
2018-08-15 07:00:00,0.21329199999999976,1085400.0
2018-08-15 07:15:00,0.21562711111111088,1086300.0
2018-08-15 07:30:00,0.21934555555555535,1087200.0
2018-08-15 07:45:00,0.22749177777777757,1088100.0
2018-08-15 08:00:00,0.2375251111111109,1089000.0
2018-08-15 08:15:00,0.25230466666666646,1089900.0
2018-08-15 08:30:00,0.2750268888888887,1090800.0
2018-08-15 08:45:00,0.30983799999999984,1091700.0
2018-08-15 09:00:00,0.35225088888888867,1092600.0
2018-08-15 09:15:00,0.4017193333333332,1093500.0
2018-08-15 09:30:00,0.4577377777777777,1094400.0
2018-08-15 09:45:00,0.5212284444444443,1095300.0
2018-08-15 10:00:00,0.5890617777777777,1096200.0
2018-08-15 10:15:00,0.6625933333333333,1097100.0
2018-08-15 10:30:00,0.7418117777777776,1098000.0
2018-08-15 10:45:00,0.8239433333333331,1098900.0
2018-08-15 11:00:00,0.9124915555555554,1099800.0
2018-08-15 11:15:00,1.0048304444444445,1100700.0
2018-08-15 11:30:00,1.1007397777777779,1101600.0
2018-08-15 11:45:00,1.202474888888889,1102500.0
2018-08-15 12:00:00,1.3045360000000001,1103400.0
2018-08-15 12:15:00,1.407037777777778,1104300.0
2018-08-15 12:30:00,1.505361777777778,1105200.0
2018-08-15 12:45:00,1.6024933333333335,1106100.0
2018-08-15 13:00:00,1.6993915555555559,1107000.0
2018-08-15 13:15:00,1.7958082222222227,1107900.0
2018-08-15 13:30:00,1.8924304444444449,1108800.0
2018-08-15 13:45:00,1.9845620000000004,1109700.0
2018-08-15 14:00:00,2.072997111111112,1110600.0
2018-08-15 14:15:00,2.1572860000000005,1111500.0
2018-08-15 14:30:00,2.2352377777777788,1112400.0
2018-08-15 14:45:00,2.3099617777777786,1113300.0
2018-08-15 15:00:00,2.379056222222223,1114200.0
2018-08-15 15:15:00,2.4369357777777783,1115100.0
2018-08-15 15:30:00,2.4291395555555564,1116000.0
2018-08-15 15:45:00,2.4038117777777788,1116900.0
2018-08-15 16:00:00,2.364234000000001,1117800.0
2018-08-15 16:15:00,2.309365555555557,1118700.0
2018-08-15 16:30:00,2.244937777777779,1119600.0
2018-08-15 16:45:00,2.172045111111112,1120500.0
2018-08-15 17:00:00,2.094456222222223,1121400.0
2018-08-15 17:15:00,2.0145840000000006,1122300.0
2018-08-15 17:30:00,1.9328840000000007,1123200.0
2018-08-15 17:45:00,1.845571111111112,1124100.0
2018-08-15 18:00:00,1.7548360000000007,1125000.0
2018-08-15 18:15:00,1.6660637777777785,1125900.0
2018-08-15 18:30:00,1.576447111111112,1126800.0
2018-08-15 18:45:00,1.4861582222222232,1127700.0
2018-08-15 19:00:00,1.3989897777777784,1128600.0
2018-08-15 19:15:00,1.3600120000000007,1129500.0
2018-08-15 19:30:00,1.3204286666666674,1130400.0
2018-08-15 19:45:00,1.2894286666666674,1131300.0
2018-08-15 20:00:00,1.262445333333334,1132200.0
2018-08-15 20:15:00,1.2260842222222228,1133100.0
2018-08-15 20:30:00,1.179310222222223,1134000.0
2018-08-15 20:45:00,1.128121333333334,1134900.0
2018-08-15 21:00:00,1.0714084444444452,1135800.0
2018-08-15 21:15:00,1.0147417777777785,1136700.0
2018-08-15 21:30:00,0.9553195555555563,1137600.0
2018-08-15 21:45:00,0.8959417777777785,1138500.0
2018-08-15 22:00:00,0.8337733333333339,1139400.0
2018-08-15 22:15:00,0.7646955555555561,1140300.0
2018-08-15 22:30:00,0.6948455555555563,1141200.0
2018-08-15 22:45:00,0.6248344444444451,1142100.0
2018-08-15 23:00:00,0.5632066666666673,1143000.0
2018-08-15 23:15:00,0.5124771111111117,1143900.0
2018-08-15 23:30:00,0.46058822222222284,1144800.0
2018-08-15 23:45:00,0.4110215555555562,1145700.0
2018-08-16 00:00:00,0.3734566666666672,1146600.0
2018-08-16 00:15:00,0.347084444444445,1147500.0
2018-08-16 00:30:00,0.3249715555555561,1148400.0
2018-08-16 00:45:00,0.30291777777777834,1149300.0
2018-08-16 01:00:00,0.2806066666666672,1150200.0
2018-08-16 01:15:00,0.26296777777777836,1151100.0
2018-08-16 01:30:00,0.24661222222222276,1152000.0
2018-08-16 01:45:00,0.23274000000000056,1152900.0
2018-08-16 02:00:00,0.2218937777777783,1153800.0
2018-08-16 02:15:00,0.21340311111111165,1154700.0
2018-08-16 02:30:00,0.2051586666666672,1155600.0
2018-08-16 02:45:00,0.19891977777777833,1156500.0
2018-08-16 03:00:00,0.19606422222222278,1157400.0
2018-08-16 03:15:00,0.1927013333333339,1158300.0
2018-08-16 03:30:00,0.18991800000000056,1159200.0
2018-08-16 03:45:00,0.18918288888888946,1160100.0
2018-08-16 04:00:00,0.18824955555555611,1161000.0
2018-08-16 04:15:00,0.18502733333333388,1161900.0
2018-08-16 04:30:00,0.18294222222222278,1162800.0
2018-08-16 04:45:00,0.18157000000000056,1163700.0
2018-08-16 05:00:00,0.18080888888888944,1164600.0
2018-08-16 05:15:00,0.18157000000000056,1165500.0
2018-08-16 05:30:00,0.1803533333333339,1166400.0
2018-08-16 05:45:00,0.18065888888888945,1167300.0
2018-08-16 06:00:00,0.17989777777777832,1168200.0
2018-08-16 06:15:00,0.180814444444445,1169100.0
2018-08-16 06:30:00,0.1819033333333339,1170000.0
2018-08-16 06:45:00,0.18278844444444498,1170900.0
2018-08-16 07:00:00,0.1859735555555561,1171800.0
2018-08-16 07:15:00,0.1930735555555561,1172700.0
2018-08-16 07:30:00,0.19939200000000057,1173600.0
2018-08-16 07:45:00,0.2095993333333339,1174500.0
2018-08-16 08:00:00,0.23291222222222277,1175400.0
2018-08-16 08:15:00,0.26637888888888944,1176300.0
2018-08-16 08:30:00,0.30302333333333387,1177200.0
2018-08-16 08:45:00,0.34353066666666726,1178100.0
2018-08-16 09:00:00,0.3868306666666672,1179000.0
2018-08-16 09:15:00,0.4327751111111118,1179900.0
2018-08-16 09:30:00,0.48143066666666734,1180800.0
2018-08-16 09:45:00,0.5357251111111118,1181700.0
2018-08-16 10:00:00,0.5898157777777784,1182600.0
2018-08-16 10:15:00,0.6486935555555562,1183500.0
2018-08-16 10:30:00,0.6403037777777785,1184400.0
2018-08-16 10:45:00,0.6309806666666674,1185300.0
2018-08-16 11:00:00,0.6185037777777784,1186200.0
2018-08-16 11:15:00,0.6049862222222229,1187100.0
2018-08-16 11:30:00,0.5889408888888896,1188000.0
2018-08-16 11:45:00,0.5619288888888896,1188900.0
2018-08-16 12:00:00,0.6381955555555563,1189800.0
2018-08-16 12:15:00,0.7188640000000006,1190700.0
2018-08-16 12:30:00,0.8008788888888896,1191600.0
2018-08-16 12:45:00,0.887697333333334,1192500.0
2018-08-16 13:00:00,0.9799751111111118,1193400.0
2018-08-16 13:15:00,1.0760268888888895,1194300.0
2018-08-16 13:30:00,1.1726453333333342,1195200.0
2018-08-16 13:45:00,1.2748268888888898,1196100.0
2018-08-16 14:00:00,1.375649111111112,1197000.0
2018-08-16 14:15:00,1.5456277777777787,1197900.0
2018-08-16 14:30:00,1.7197102222222231,1198800.0
2018-08-16 14:45:00,1.8948388888888898,1199700.0
2018-08-16 15:00:00,2.072988000000001,1200600.0
2018-08-16 15:15:00,2.252922222222223,1201500.0
2018-08-16 15:30:00,2.43330088888889,1202400.0
2018-08-16 15:45:00,2.4997971111111124,1203300.0
2018-08-16 16:00:00,2.5581082222222236,1204200.0
2018-08-16 16:15:00,2.6098655555555568,1205100.0
2018-08-16 16:30:00,2.653415555555557,1206000.0
2018-08-16 16:45:00,2.68962288888889,1206900.0
2018-08-16 17:00:00,2.715710000000001,1207800.0
2018-08-16 17:15:00,2.7339155555555563,1208700.0
2018-08-16 17:30:00,2.743800666666667,1209600.0
2018-08-16 17:45:00,2.7487468888888893,1210500.0
2018-08-16 18:00:00,2.7456117777777784,1211400.0
2018-08-16 18:15:00,2.734161777777778,1212300.0
2018-08-16 18:30:00,2.7180433333333336,1213200.0
2018-08-16 18:45:00,2.694656222222222,1214100.0
2018-08-16 19:00:00,2.6691451111111113,1215000.0
2018-08-16 19:15:00,2.638084,1215900.0
2018-08-16 19:30:00,2.6070544444444446,1216800.0
2018-08-16 19:45:00,2.5668860000000002,1217700.0
2018-08-16 20:00:00,2.4938804444444447,1218600.0
2018-08-16 20:15:00,2.3711508888888897,1219500.0
2018-08-16 20:30:00,2.2383397777777785,1220400.0
2018-08-16 20:45:00,2.102763777777778,1221300.0
2018-08-16 21:00:00,1.9670731111111115,1222200.0
2018-08-16 21:15:00,1.8302508888888893,1223100.0
2018-08-16 21:30:00,1.6895120000000003,1224000.0
2018-08-16 21:45:00,1.5527064444444447,1224900.0
2018-08-16 22:00:00,1.4104675555555557,1225800.0
2018-08-16 22:15:00,1.270536,1226700.0
2018-08-16 22:30:00,1.1293915555555558,1227600.0
2018-08-16 22:45:00,0.987550888888889,1228500.0
2018-08-16 23:00:00,0.8487935555555557,1229400.0
2018-08-16 23:15:00,0.7076435555555556,1230300.0
2018-08-16 23:30:00,0.5750953333333334,1231200.0
2018-08-16 23:45:00,0.4754046666666667,1232100.0
2018-08-17 00:00:00,0.4234213333333333,1233000.0
2018-08-17 00:15:00,0.381514,1233900.0
2018-08-17 00:30:00,0.3440066666666667,1234800.0
2018-08-17 00:45:00,0.3079788888888889,1235700.0
2018-08-17 01:00:00,0.2751271111111111,1236600.0
2018-08-17 01:15:00,0.24661977777777774,1237500.0
2018-08-17 01:30:00,0.21905866666666665,1238400.0
2018-08-17 01:45:00,0.2008308888888889,1239300.0
2018-08-17 02:00:00,0.18391800000000003,1240200.0
2018-08-17 02:15:00,0.17216066666666668,1241100.0
2018-08-17 02:30:00,0.16128288888888892,1242000.0
2018-08-17 02:45:00,0.15258288888888893,1242900.0
2018-08-17 03:00:00,0.14592733333333335,1243800.0
2018-08-17 03:15:00,0.14025888888888893,1244700.0
2018-08-17 03:30:00,0.13545333333333337,1245600.0
2018-08-17 03:45:00,0.1326755555555556,1246500.0
2018-08-17 04:00:00,0.13005333333333335,1247400.0
2018-08-17 04:15:00,0.1285144444444445,1248300.0
2018-08-17 04:30:00,0.12774777777777782,1249200.0
2018-08-17 04:45:00,0.12744222222222226,1250100.0
2018-08-17 05:00:00,0.12728666666666671,1251000.0
2018-08-17 05:15:00,0.12728666666666671,1251900.0
2018-08-17 05:30:00,0.12744222222222226,1252800.0
2018-08-17 05:45:00,0.12790333333333337,1253700.0
2018-08-17 06:00:00,0.12928666666666672,1254600.0
2018-08-17 06:15:00,0.1309755555555556,1255500.0
2018-08-17 06:30:00,0.13307177777777782,1256400.0
2018-08-17 06:45:00,0.13641244444444448,1257300.0
2018-08-17 07:00:00,0.1404346666666667,1258200.0
2018-08-17 07:15:00,0.14554577777777783,1259100.0
2018-08-17 07:30:00,0.15014200000000005,1260000.0
2018-08-17 07:45:00,0.15511422222222226,1260900.0
2018-08-17 08:00:00,0.16087533333333337,1261800.0
2018-08-17 08:15:00,0.1665826666666667,1262700.0
2018-08-17 08:30:00,0.17346044444444447,1263600.0
2018-08-17 08:45:00,0.18029000000000003,1264500.0
2018-08-17 09:00:00,0.1883584444444445,1265400.0
2018-08-17 09:15:00,0.19814911111111116,1266300.0
2018-08-17 09:30:00,0.20786022222222228,1267200.0
2018-08-17 09:45:00,0.21603244444444447,1268100.0
2018-08-17 10:00:00,0.23011200000000004,1269000.0
2018-08-17 10:15:00,0.25083422222222224,1269900.0
2018-08-17 10:30:00,0.27599911111111114,1270800.0
2018-08-17 10:45:00,0.30167311111111117,1271700.0
2018-08-17 11:00:00,0.33220822222222224,1272600.0
2018-08-17 11:15:00,0.3630971111111112,1273500.0
2018-08-17 11:30:00,0.3953322222222223,1274400.0
2018-08-17 11:45:00,0.42717111111111117,1275300.0
2018-08-17 12:00:00,0.46182111111111124,1276200.0
2018-08-17 12:15:00,0.5002211111111112,1277100.0
2018-08-17 12:30:00,0.5475433333333334,1278000.0
2018-08-17 12:45:00,0.5942544444444445,1278900.0
2018-08-17 13:00:00,0.6397044444444445,1279800.0
2018-08-17 13:15:00,0.6869562222222223,1280700.0
2018-08-17 13:30:00,0.7352857777777779,1281600.0
2018-08-17 13:45:00,0.7777080000000002,1282500.0
2018-08-17 14:00:00,0.8126191111111113,1283400.0
2018-08-17 14:15:00,0.844959777777778,1284300.0
2018-08-17 14:30:00,0.8743931111111113,1285200.0
2018-08-17 14:45:00,0.8981820000000003,1286100.0
2018-08-17 15:00:00,0.9221264444444447,1287000.0
2018-08-17 15:15:00,0.9449597777777781,1287900.0
2018-08-17 15:30:00,0.9674060000000003,1288800.0
2018-08-17 15:45:00,0.9861560000000003,1289700.0
2018-08-17 16:00:00,0.9996744444444448,1290600.0
2018-08-17 16:15:00,1.0049522222222225,1291500.0
2018-08-17 16:30:00,1.0099244444444446,1292400.0
2018-08-17 16:45:00,1.0145911111111112,1293300.0
2018-08-17 17:00:00,1.017857777777778,1294200.0
2018-08-17 17:15:00,1.024156,1295100.0
2018-08-17 17:30:00,1.0306097777777776,1296000.0
2018-08-17 17:45:00,1.036908,1296900.0
2018-08-17 18:00:00,1.0404006666666665,1297800.0
2018-08-17 18:15:00,1.0516506666666665,1298700.0
2018-08-17 18:30:00,1.0624451111111108,1299600.0
2018-08-17 18:45:00,1.0671988888888888,1300500.0
2018-08-17 19:00:00,1.071969333333333,1301400.0
2018-08-17 19:15:00,1.0736064444444442,1302300.0
2018-08-17 19:30:00,1.0741324444444442,1303200.0
2018-08-17 19:45:00,1.073199111111111,1304100.0
2018-08-17 20:00:00,1.0711713333333333,1305000.0
2018-08-17 20:15:00,1.0691268888888887,1305900.0
2018-08-17 20:30:00,1.0629084444444443,1306800.0
2018-08-17 20:45:00,1.0396344444444443,1307700.0
2018-08-17 21:00:00,1.0073844444444444,1308600.0
2018-08-17 21:15:00,0.9686417777777778,1309500.0
2018-08-17 21:30:00,0.9236862222222222,1310400.0
2018-08-17 21:45:00,0.8787306666666667,1311300.0
2018-08-17 22:00:00,0.8260122222222223,1312200.0
2018-08-17 22:15:00,0.7715548888888889,1313100.0
2018-08-17 22:30:00,0.7225104444444445,1314000.0
2018-08-17 22:45:00,0.6726122222222223,1314900.0
2018-08-17 23:00:00,0.62559,1315800.0
2018-08-17 23:15:00,0.5802417777777777,1316700.0
2018-08-17 23:30:00,0.5349417777777777,1317600.0
2018-08-17 23:45:00,0.48327333333333333,1318500.0
2018-08-18 00:00:00,0.4287937777777777,1319400.0
2018-08-18 00:15:00,0.37856777777777784,1320300.0
2018-08-18 00:30:00,0.3446677777777778,1321200.0
2018-08-18 00:45:00,0.3165566666666667,1322100.0
2018-08-18 01:00:00,0.29448266666666667,1323000.0
2018-08-18 01:15:00,0.27953822222222224,1323900.0
2018-08-18 01:30:00,0.26519933333333334,1324800.0
2018-08-18 01:45:00,0.25212711111111114,1325700.0
2018-08-18 02:00:00,0.24109933333333336,1326600.0
2018-08-18 02:15:00,0.23069933333333334,1327500.0
2018-08-18 02:30:00,0.22128088888888892,1328400.0
2018-08-18 02:45:00,0.21196422222222222,1329300.0
2018-08-18 03:00:00,0.20256244444444443,1330200.0
2018-08-18 03:15:00,0.1953328888888889,1331100.0
2018-08-18 03:30:00,0.1952328888888889,1332000.0
2018-08-18 03:45:00,0.19687733333333335,1332900.0
2018-08-18 04:00:00,0.19859777777777782,1333800.0
2018-08-18 04:15:00,0.20072000000000007,1334700.0
2018-08-18 04:30:00,0.2029922222222223,1335600.0
2018-08-18 04:45:00,0.2054144444444445,1336500.0
2018-08-18 05:00:00,0.20723111111111114,1337400.0
2018-08-18 05:15:00,0.2085922222222223,1338300.0
2018-08-18 05:30:00,0.21010888888888896,1339200.0
2018-08-18 05:45:00,0.21268111111111118,1340100.0
2018-08-18 06:00:00,0.21464777777777783,1341000.0
2018-08-18 06:15:00,0.21494777777777785,1341900.0
2018-08-18 06:30:00,0.21479777777777787,1342800.0
2018-08-18 06:45:00,0.21543111111111118,1343700.0
2018-08-18 07:00:00,0.2180384444444445,1344600.0
2018-08-18 07:15:00,0.2229440000000001,1345500.0
2018-08-18 07:30:00,0.22934577777777784,1346400.0
2018-08-18 07:45:00,0.2363753333333334,1347300.0
2018-08-18 08:00:00,0.2465382222222223,1348200.0
2018-08-18 08:15:00,0.2602900000000001,1349100.0
2018-08-18 08:30:00,0.2752011111111112,1350000.0
2018-08-18 08:45:00,0.29071777777777785,1350900.0
2018-08-18 09:00:00,0.3073973333333334,1351800.0
2018-08-18 09:15:00,0.32743066666666676,1352700.0
2018-08-18 09:30:00,0.3479473333333334,1353600.0
2018-08-18 09:45:00,0.37495466666666677,1354500.0
2018-08-18 10:00:00,0.4088120000000002,1355400.0
2018-08-18 10:15:00,0.4509526666666668,1356300.0
2018-08-18 10:30:00,0.4931971111111112,1357200.0
2018-08-18 10:45:00,0.5400471111111113,1358100.0
2018-08-18 11:00:00,0.5854322222222224,1359000.0
2018-08-18 11:15:00,0.6423582222222224,1359900.0
2018-08-18 11:30:00,0.700850888888889,1360800.0
2018-08-18 11:45:00,0.7581620000000001,1361700.0
2018-08-18 12:00:00,0.8126675555555557,1362600.0
2018-08-18 12:15:00,0.8701564444444446,1363500.0
2018-08-18 12:30:00,0.9357786666666669,1364400.0
2018-08-18 12:45:00,1.0050546666666669,1365300.0
2018-08-18 13:00:00,1.0721824444444448,1366200.0
2018-08-18 13:15:00,1.1404546666666668,1367100.0
2018-08-18 13:30:00,1.201930666666667,1368000.0
2018-08-18 13:45:00,1.2586733333333335,1368900.0
2018-08-18 14:00:00,1.3089233333333337,1369800.0
2018-08-18 14:15:00,1.359041777777778,1370700.0
2018-08-18 14:30:00,1.4022751111111111,1371600.0
2018-08-18 14:45:00,1.4447455555555555,1372500.0
2018-08-18 15:00:00,1.4835084444444444,1373400.0
2018-08-18 15:15:00,1.5224584444444444,1374300.0
2018-08-18 15:30:00,1.558412222222222,1375200.0
2018-08-18 15:45:00,1.594777111111111,1376100.0
2018-08-18 16:00:00,1.630651111111111,1377000.0
2018-08-18 16:15:00,1.6580862222222221,1377900.0
2018-08-18 16:30:00,1.6823862222222221,1378800.0
2018-08-18 16:45:00,1.7057806666666666,1379700.0
2018-08-18 17:00:00,1.7252935555555553,1380600.0
2018-08-18 17:15:00,1.7458564444444442,1381500.0
2018-08-18 17:30:00,1.7647304444444443,1382400.0
2018-08-18 17:45:00,1.7821137777777778,1383300.0
2018-08-18 18:00:00,1.7991971111111111,1384200.0
2018-08-18 18:15:00,1.8167248888888887,1385100.0
2018-08-18 18:30:00,1.81511,1386000.0
2018-08-18 18:45:00,1.80611,1386900.0
2018-08-18 19:00:00,1.7908933333333337,1387800.0
2018-08-18 19:15:00,1.775226666666667,1388700.0
2018-08-18 19:30:00,1.7551006666666669,1389600.0
2018-08-18 19:45:00,1.7323784444444448,1390500.0
2018-08-18 20:00:00,1.7064062222222225,1391400.0
2018-08-18 20:15:00,1.6811468888888892,1392300.0
2018-08-18 20:30:00,1.6554431111111114,1393200.0
2018-08-18 20:45:00,1.622776444444445,1394100.0
2018-08-18 21:00:00,1.5801431111111115,1395000.0
2018-08-18 21:15:00,1.5177468888888892,1395900.0
2018-08-18 21:30:00,1.4378284444444447,1396800.0
2018-08-18 21:45:00,1.3583711111111112,1397700.0
2018-08-18 22:00:00,1.275563777777778,1398600.0
2018-08-18 22:15:00,1.2096842222222222,1399500.0
2018-08-18 22:30:00,1.1092444444444445,1400400.0
2018-08-18 22:45:00,1.0124842222222221,1401300.0
2018-08-18 23:00:00,0.9169184444444444,1402200.0
2018-08-18 23:15:00,0.8244675555555555,1403100.0
2018-08-18 23:30:00,0.730961111111111,1404000.0
2018-08-18 23:45:00,0.6405546666666666,1404900.0
2018-08-19 00:00:00,0.5477537777777778,1405800.0
2018-08-19 00:15:00,0.4553973333333333,1406700.0
2018-08-19 00:30:00,0.3712019999999999,1407600.0
2018-08-19 00:45:00,0.29652888888888884,1408500.0
2018-08-19 01:00:00,0.24210199999999993,1409400.0
2018-08-19 01:15:00,0.20534733333333327,1410300.0
2018-08-19 01:30:00,0.16798155555555547,1411200.0
2018-08-19 01:45:00,0.13322133333333325,1412100.0
2018-08-19 02:00:00,0.1,1413000.0
2018-08-19 02:15:00,0.1,1413900.0
2018-08-19 02:30:00,0.1,1414800.0
2018-08-19 02:45:00,0.1,1415700.0
2018-08-19 03:00:00,0.1,1416600.0
2018-08-19 03:15:00,0.1,1417500.0
2018-08-19 03:30:00,0.1,1418400.0
2018-08-19 03:45:00,0.1,1419300.0
2018-08-19 04:00:00,0.1,1420200.0
2018-08-19 04:15:00,0.1,1421100.0
2018-08-19 04:30:00,0.1,1422000.0
2018-08-19 04:45:00,0.1,1422900.0
2018-08-19 05:00:00,0.1,1423800.0
2018-08-19 05:15:00,0.1,1424700.0
2018-08-19 05:30:00,0.1,1425600.0
2018-08-19 05:45:00,0.1,1426500.0
2018-08-19 06:00:00,0.1,1427400.0
2018-08-19 06:15:00,0.1,1428300.0
2018-08-19 06:30:00,0.1,1429200.0
2018-08-19 06:45:00,0.1,1430100.0
2018-08-19 07:00:00,0.1,1431000.0
2018-08-19 07:15:00,0.1,1431900.0
2018-08-19 07:30:00,0.1,1432800.0
2018-08-19 07:45:00,0.1,1433700.0
2018-08-19 08:00:00,0.1,1434600.0
2018-08-19 08:15:00,0.1,1435500.0
2018-08-19 08:30:00,0.1,1436400.0
2018-08-19 08:45:00,0.1,1437300.0
2018-08-19 09:00:00,0.1,1438200.0
2018-08-19 09:15:00,0.1,1439100.0
2018-08-19 09:30:00,0.1,1440000.0
2018-08-19 09:45:00,0.1,1440900.0
2018-08-19 10:00:00,0.1,1441800.0
2018-08-19 10:15:00,0.1,1442700.0
2018-08-19 10:30:00,0.1,1443600.0
2018-08-19 10:45:00,0.1,1444500.0
2018-08-19 11:00:00,0.1,1445400.0
2018-08-19 11:15:00,0.1,1446300.0
2018-08-19 11:30:00,0.1,1447200.0
2018-08-19 11:45:00,0.1,1448100.0
2018-08-19 12:00:00,0.1,1449000.0
2018-08-19 12:15:00,0.1,1449900.0
2018-08-19 12:30:00,0.1,1450800.0
2018-08-19 12:45:00,0.1,1451700.0
2018-08-19 13:00:00,0.1,1452600.0
2018-08-19 13:15:00,0.1,1453500.0
2018-08-19 13:30:00,0.1,1454400.0
2018-08-19 13:45:00,0.2029268888888888,1455300.0
2018-08-19 14:00:00,0.3106926666666666,1456200.0
2018-08-19 14:15:00,0.42094733333333334,1457100.0
2018-08-19 14:30:00,0.5359982222222222,1458000.0
2018-08-19 14:45:00,0.6663862222222222,1458900.0
2018-08-19 15:00:00,0.798163111111111,1459800.0
2018-08-19 15:15:00,0.9308028888888888,1460700.0
2018-08-19 15:30:00,1.0703853333333333,1461600.0
2018-08-19 15:45:00,1.2121400000000002,1462500.0
2018-08-19 16:00:00,1.356094666666667,1463400.0
2018-08-19 16:15:00,1.5035900000000004,1464300.0
2018-08-19 16:30:00,1.652018666666667,1465200.0
2018-08-19 16:45:00,1.8017288888888894,1466100.0
2018-08-19 17:00:00,1.954544666666667,1467000.0
2018-08-19 17:15:00,2.1082937777777784,1467900.0
2018-08-19 17:30:00,2.1594160000000007,1468800.0
2018-08-19 17:45:00,2.2062993333333343,1469700.0
2018-08-19 18:00:00,2.251101111111112,1470600.0
2018-08-19 18:15:00,2.2909566666666676,1471500.0
2018-08-19 18:30:00,2.3157751111111122,1472400.0
2018-08-19 18:45:00,2.339354666666668,1473300.0
2018-08-19 19:00:00,2.359904666666668,1474200.0
2018-08-19 19:15:00,2.3607824444444456,1475100.0
2018-08-19 19:30:00,2.3265453333333346,1476000.0
2018-08-19 19:45:00,2.2898026666666675,1476900.0
2018-08-19 20:00:00,2.240423111111112,1477800.0
2018-08-19 20:15:00,2.1866453333333347,1478700.0
2018-08-19 20:30:00,2.129628666666668,1479600.0
2018-08-19 20:45:00,2.0684175555555564,1480500.0
2018-08-19 21:00:00,1.9921897777777788,1481400.0
2018-08-19 21:15:00,1.9099693333333343,1482300.0
2018-08-19 21:30:00,1.804358222222223,1483200.0
2018-08-19 21:45:00,1.6916971111111119,1484100.0
2018-08-19 22:00:00,1.573134222222223,1485000.0
2018-08-19 22:15:00,1.4441731111111118,1485900.0
2018-08-19 22:30:00,1.3105824444444452,1486800.0
2018-08-19 22:45:00,1.1770713333333338,1487700.0
2018-08-19 23:00:00,1.0366111111111116,1488600.0
2018-08-19 23:15:00,0.929093555555556,1489500.0
2018-08-19 23:30:00,0.8218815555555559,1490400.0
2018-08-19 23:45:00,0.7237657777777782,1491300.0
2018-08-20 00:00:00,0.6291148888888892,1492200.0
2018-08-20 00:15:00,0.5364213333333336,1493100.0
2018-08-20 00:30:00,0.44481666666666697,1494000.0
2018-08-20 00:45:00,0.36729533333333364,1494900.0
2018-08-20 01:00:00,0.29546666666666693,1495800.0
2018-08-20 01:15:00,0.24642866666666693,1496700.0
2018-08-20 01:30:00,0.2040333333333336,1497600.0
2018-08-20 01:45:00,0.16768977777777805,1498500.0
2018-08-20 02:00:00,0.1414444444444447,1499400.0
2018-08-20 02:15:00,0.11967866666666692,1500300.0
2018-08-20 02:30:00,0.10000000000000026,1501200.0
2018-08-20 02:45:00,0.10000000000000026,1502100.0
2018-08-20 03:00:00,0.10000000000000026,1503000.0
2018-08-20 03:15:00,0.10000000000000026,1503900.0
2018-08-20 03:30:00,0.10000000000000026,1504800.0
2018-08-20 03:45:00,0.10000000000000026,1505700.0
2018-08-20 04:00:00,0.10000000000000026,1506600.0
2018-08-20 04:15:00,0.10000000000000026,1507500.0
2018-08-20 04:30:00,0.10000000000000026,1508400.0
2018-08-20 04:45:00,0.10000000000000026,1509300.0
2018-08-20 05:00:00,0.10000000000000026,1510200.0
2018-08-20 05:15:00,0.10000000000000026,1511100.0
2018-08-20 05:30:00,0.10000000000000026,1512000.0
2018-08-20 05:45:00,0.10000000000000026,1512900.0
2018-08-20 06:00:00,0.10000000000000026,1513800.0
2018-08-20 06:15:00,0.10000000000000026,1514700.0
2018-08-20 06:30:00,0.10000000000000026,1515600.0
2018-08-20 06:45:00,0.10000000000000026,1516500.0
2018-08-20 07:00:00,0.10000000000000026,1517400.0
2018-08-20 07:15:00,0.10000000000000026,1518300.0
2018-08-20 07:30:00,0.10000000000000026,1519200.0
2018-08-20 07:45:00,0.10000000000000026,1520100.0
2018-08-20 08:00:00,0.10000000000000026,1521000.0
2018-08-20 08:15:00,0.10000000000000026,1521900.0
2018-08-20 08:30:00,0.10000000000000026,1522800.0
2018-08-20 08:45:00,0.10000000000000026,1523700.0
2018-08-20 09:00:00,0.10000000000000026,1524600.0
2018-08-20 09:15:00,0.10000000000000026,1525500.0
2018-08-20 09:30:00,0.10000000000000026,1526400.0
2018-08-20 09:45:00,0.10000000000000026,1527300.0
2018-08-20 10:00:00,0.10000000000000026,1528200.0
2018-08-20 10:15:00,0.10000000000000026,1529100.0
2018-08-20 10:30:00,0.10000000000000026,1530000.0
2018-08-20 10:45:00,0.10000000000000026,1530900.0
2018-08-20 11:00:00,0.10000000000000026,1531800.0
2018-08-20 11:15:00,0.10000000000000026,1532700.0
2018-08-20 11:30:00,0.10000000000000026,1533600.0
2018-08-20 11:45:00,0.10000000000000026,1534500.0
2018-08-20 12:00:00,0.10000000000000026,1535400.0
2018-08-20 12:15:00,0.10000000000000026,1536300.0
2018-08-20 12:30:00,0.10000000000000026,1537200.0
2018-08-20 12:45:00,0.10000000000000026,1538100.0
2018-08-20 13:00:00,0.10000000000000026,1539000.0
2018-08-20 13:15:00,0.10000000000000026,1539900.0
2018-08-20 13:30:00,0.10000000000000026,1540800.0
2018-08-20 13:45:00,0.10000000000000026,1541700.0
2018-08-20 14:00:00,0.10000000000000026,1542600.0
2018-08-20 14:15:00,0.10000000000000026,1543500.0
2018-08-20 14:30:00,0.22840088888888915,1544400.0
2018-08-20 14:45:00,0.35710733333333355,1545300.0
2018-08-20 15:00:00,0.4966508888888892,1546200.0
2018-08-20 15:15:00,0.6399017777777781,1547100.0
2018-08-20 15:30:00,0.7935231111111115,1548000.0
2018-08-20 15:45:00,0.9489777777777781,1548900.0
2018-08-20 16:00:00,1.1024491111111117,1549800.0
2018-08-20 16:15:00,1.2572926666666673,1550700.0
2018-08-20 16:30:00,1.4144157777777784,1551600.0
2018-08-20 16:45:00,1.5716888888888894,1552500.0
2018-08-20 17:00:00,1.729971333333334,1553400.0
2018-08-20 17:15:00,1.8882537777777786,1554300.0
2018-08-20 17:30:00,2.046686222222223,1555200.0
2018-08-20 17:45:00,2.206513111111112,1556100.0
2018-08-20 18:00:00,2.366340000000001,1557000.0
2018-08-20 18:15:00,2.3983715555555563,1557900.0
2018-08-20 18:30:00,2.431153111111112,1558800.0
2018-08-20 18:45:00,2.453703111111112,1559700.0
2018-08-20 19:00:00,2.4728457777777786,1560600.0
2018-08-20 19:15:00,2.4813920000000005,1561500.0
2018-08-20 19:30:00,2.487064222222223,1562400.0
2018-08-20 19:45:00,2.4922197777777786,1563300.0
2018-08-20 20:00:00,2.4950697777777786,1564200.0
2018-08-20 20:15:00,2.489964222222223,1565100.0
2018-08-20 20:30:00,2.4808420000000004,1566000.0
2018-08-20 20:45:00,2.467454888888889,1566900.0
2018-08-20 21:00:00,2.444534444444445,1567800.0
2018-08-20 21:15:00,2.416958444444445,1568700.0
2018-08-20 21:30:00,2.380564,1569600.0
2018-08-20 21:45:00,2.334404666666667,1570500.0
2018-08-20 22:00:00,2.280912,1571400.0
2018-08-20 22:15:00,2.119424,1572300.0
2018-08-20 22:30:00,1.9573304444444442,1573200.0
2018-08-20 22:45:00,1.7949368888888886,1574100.0
2018-08-20 23:00:00,1.632769333333333,1575000.0
2018-08-20 23:15:00,1.471642444444444,1575900.0
2018-08-20 23:30:00,1.3130155555555552,1576800.0
2018-08-20 23:45:00,1.1553219999999997,1577700.0
2018-08-21 00:00:00,1.003304444444444,1578600.0
2018-08-21 00:15:00,0.8551535555555551,1579500.0
2018-08-21 00:30:00,0.7102582222222217,1580400.0
2018-08-21 00:45:00,0.5748962222222218,1581300.0
2018-08-21 01:00:00,0.44403977777777737,1582200.0
2018-08-21 01:15:00,0.3206073333333328,1583100.0
2018-08-21 01:30:00,0.20693977777777728,1584000.0
2018-08-21 01:45:00,0.1,1584900.0
2018-08-21 02:00:00,0.1,1585800.0
2018-08-21 02:15:00,0.1,1586700.0
2018-08-21 02:30:00,0.1,1587600.0
2018-08-21 02:45:00,0.1,1588500.0
2018-08-21 03:00:00,0.1,1589400.0
2018-08-21 03:15:00,0.1,1590300.0
2018-08-21 03:30:00,0.1,1591200.0
2018-08-21 03:45:00,0.1,1592100.0
2018-08-21 04:00:00,0.1,1593000.0
2018-08-21 04:15:00,0.1,1593900.0
2018-08-21 04:30:00,0.1,1594800.0
2018-08-21 04:45:00,0.1,1595700.0
2018-08-21 05:00:00,0.1,1596600.0
2018-08-21 05:15:00,0.1,1597500.0
2018-08-21 05:30:00,0.1,1598400.0
2018-08-21 05:45:00,0.1,1599300.0
2018-08-21 06:00:00,0.1,1600200.0
2018-08-21 06:15:00,0.1,1601100.0
2018-08-21 06:30:00,0.1,1602000.0
2018-08-21 06:45:00,0.1,1602900.0
2018-08-21 07:00:00,0.1,1603800.0
2018-08-21 07:15:00,0.1,1604700.0
2018-08-21 07:30:00,0.1,1605600.0
2018-08-21 07:45:00,0.1,1606500.0
2018-08-21 08:00:00,0.1,1607400.0
2018-08-21 08:15:00,0.1,1608300.0
2018-08-21 08:30:00,0.1,1609200.0
2018-08-21 08:45:00,0.1,1610100.0
2018-08-21 09:00:00,0.1,1611000.0
2018-08-21 09:15:00,0.1,1611900.0
2018-08-21 09:30:00,0.1,1612800.0
2018-08-21 09:45:00,0.1,1613700.0
2018-08-21 10:00:00,0.1,1614600.0
2018-08-21 10:15:00,0.1,1615500.0
2018-08-21 10:30:00,0.1,1616400.0
2018-08-21 10:45:00,0.1,1617300.0
2018-08-21 11:00:00,0.1,1618200.0
2018-08-21 11:15:00,0.1,1619100.0
2018-08-21 11:30:00,0.1,1620000.0
2018-08-21 11:45:00,0.1,1620900.0
2018-08-21 12:00:00,0.1430286666666662,1621800.0
2018-08-21 12:15:00,0.19069622222222177,1622700.0
2018-08-21 12:30:00,0.24000088888888843,1623600.0
2018-08-21 12:45:00,0.2943111111111107,1624500.0
2018-08-21 13:00:00,0.3546453333333329,1625400.0
2018-08-21 13:15:00,0.4159351111111107,1626300.0
2018-08-21 13:30:00,0.4758471111111108,1627200.0
2018-08-21 13:45:00,0.5363757777777775,1628100.0
2018-08-21 14:00:00,0.5976655555555552,1629000.0
2018-08-21 14:15:00,0.6717775555555552,1629900.0
2018-08-21 14:30:00,0.7449728888888886,1630800.0
2018-08-21 14:45:00,0.8187793333333331,1631700.0
2018-08-21 15:00:00,0.8898246666666664,1632600.0
2018-08-21 15:15:00,0.9602588888888886,1633500.0
2018-08-21 15:30:00,1.0306931111111108,1634400.0
2018-08-21 15:45:00,1.057632,1635300.0
2018-08-21 16:00:00,1.069969111111111,1636200.0
2018-08-21 16:15:00,1.0206644444444442,1637100.0
2018-08-21 16:30:00,0.9663542222222219,1638000.0
2018-08-21 16:45:00,0.9060199999999997,1638900.0
2018-08-21 17:00:00,0.8447302222222218,1639800.0
2018-08-21 17:15:00,0.7848182222222218,1640700.0
2018-08-21 17:30:00,0.7242895555555551,1641600.0
2018-08-21 17:45:00,0.6629997777777773,1642500.0
2018-08-21 18:00:00,0.5888877777777773,1643400.0
2018-08-21 18:15:00,0.515692444444444,1644300.0
2018-08-21 18:30:00,0.44188599999999956,1645200.0
2018-08-21 18:45:00,0.37084066666666615,1646100.0
2018-08-21 19:00:00,0.3004064444444439,1647000.0
2018-08-21 19:15:00,0.2913231111111106,1647900.0
2018-08-21 19:30:00,0.2739342222222217,1648800.0
2018-08-21 19:45:00,0.266567555555555,1649700.0
2018-08-21 20:00:00,0.31716111111111056,1650600.0
2018-08-21 20:15:00,0.3630546666666662,1651500.0
2018-08-21 20:30:00,0.4091888888888884,1652400.0
2018-08-21 20:45:00,0.45396577777777725,1653300.0
2018-08-21 21:00:00,0.4988926666666662,1654200.0
2018-08-21 21:15:00,0.5431917777777773,1655100.0
2018-08-21 21:30:00,0.5860093333333328,1656000.0
2018-08-21 21:45:00,0.6191695555555551,1656900.0
2018-08-21 22:00:00,0.6418408888888885,1657800.0
2018-08-21 22:15:00,0.663884444444444,1658700.0
2018-08-21 22:30:00,0.6854668888888885,1659600.0
2018-08-21 22:45:00,0.7028271111111107,1660500.0
2018-08-21 23:00:00,0.6518826666666663,1661400.0
2018-08-21 23:15:00,0.6078382222222218,1662300.0
2018-08-21 23:30:00,0.5612993333333329,1663200.0
2018-08-21 23:45:00,0.5163271111111107,1664100.0
2018-08-22 00:00:00,0.4735548888888885,1665000.0
2018-08-22 00:15:00,0.4285142222222219,1665900.0
2018-08-22 00:30:00,0.38451977777777746,1666800.0
2018-08-22 00:45:00,0.3400642222222218,1667700.0
2018-08-22 01:00:00,0.2957651111111107,1668600.0
2018-08-22 01:15:00,0.25294755555555515,1669500.0
2018-08-22 01:30:00,0.2197873333333329,1670400.0
2018-08-22 01:45:00,0.19711599999999957,1671300.0
2018-08-22 02:00:00,0.17507244444444398,1672200.0
2018-08-22 02:15:00,0.15348999999999954,1673100.0
2018-08-22 02:30:00,0.13612977777777732,1674000.0
2018-08-22 02:45:00,0.12572333333333288,1674900.0
2018-08-22 03:00:00,0.11718911111111065,1675800.0
2018-08-22 03:15:00,0.11108999999999954,1676700.0
2018-08-22 03:30:00,0.10546866666666621,1677600.0
2018-08-22 03:45:00,0.10234733333333287,1678500.0
2018-08-22 04:00:00,0.10125377777777732,1679400.0
2018-08-22 04:15:00,0.10047133333333287,1680300.0
2018-08-22 04:30:00,0.1,1681200.0
2018-08-22 04:45:00,0.1,1682100.0
2018-08-22 05:00:00,0.1,1683000.0
2018-08-22 05:15:00,0.1,1683900.0
2018-08-22 05:30:00,0.1,1684800.0
2018-08-22 05:45:00,0.1,1685700.0
2018-08-22 06:00:00,0.1,1686600.0
2018-08-22 06:15:00,0.1,1687500.0
2018-08-22 06:30:00,0.1,1688400.0
2018-08-22 06:45:00,0.1,1689300.0
2018-08-22 07:00:00,0.1,1690200.0
2018-08-22 07:15:00,0.1,1691100.0
2018-08-22 07:30:00,0.1,1692000.0
2018-08-22 07:45:00,0.1,1692900.0
2018-08-22 08:00:00,0.1,1693800.0
2018-08-22 08:15:00,0.1,1694700.0
2018-08-22 08:30:00,0.1,1695600.0
2018-08-22 08:45:00,0.1,1696500.0
2018-08-22 09:00:00,0.1,1697400.0
2018-08-22 09:15:00,0.1,1698300.0
2018-08-22 09:30:00,0.1,1699200.0
2018-08-22 09:45:00,0.1,1700100.0
2018-08-22 10:00:00,0.1,1701000.0
2018-08-22 10:15:00,0.1,1701900.0
2018-08-22 10:30:00,0.1,1702800.0
2018-08-22 10:45:00,0.1,1703700.0
2018-08-22 11:00:00,0.1,1704600.0
2018-08-22 11:15:00,0.1,1705500.0
2018-08-22 11:30:00,0.1,1706400.0
2018-08-22 11:45:00,0.1,1707300.0
2018-08-22 12:00:00,0.1,1708200.0
2018-08-22 12:15:00,0.1,1709100.0
2018-08-22 12:30:00,0.1,1710000.0
2018-08-22 12:45:00,0.1,1710900.0
2018-08-22 13:00:00,0.1,1711800.0
2018-08-22 13:15:00,0.17513422222222177,1712700.0
2018-08-22 13:30:00,0.17513422222222177,1713600.0
2018-08-22 13:45:00,0.2634128888888885,1714500.0
2018-08-22 14:00:00,0.2634128888888885,1715400.0
2018-08-22 14:15:00,0.3647026666666663,1716300.0
2018-08-22 14:30:00,0.47292955555555516,1717200.0
2018-08-22 14:45:00,0.5889508888888886,1718100.0
2018-08-22 15:00:00,0.7122573333333329,1719000.0
2018-08-22 15:15:00,0.841069333333333,1719900.0
2018-08-22 15:30:00,0.9750591111111107,1720800.0
2018-08-22 15:45:00,1.1146026666666664,1721700.0
2018-08-22 16:00:00,1.259731333333333,1722600.0
2018-08-22 16:15:00,1.408943333333333,1723500.0
2018-08-22 16:30:00,1.562394222222222,1724400.0
2018-08-22 16:45:00,1.7212155555555553,1725300.0
2018-08-22 17:00:00,1.8088822222222218,1726200.0
2018-08-22 17:15:00,1.9751219999999996,1727100.0
2018-08-22 17:30:00,2.0555831111111105,1728000.0
2018-08-22 17:45:00,2.2265711111111104,1728900.0
2018-08-22 18:00:00,2.2984693333333333,1729800.0
2018-08-22 18:15:00,2.362208222222222,1730700.0
2018-08-22 18:30:00,2.4190693333333333,1731600.0
2018-08-22 18:45:00,2.4697120000000004,1732500.0
2018-08-22 19:00:00,2.5139324444444444,1733400.0
2018-08-22 19:15:00,2.5528251111111113,1734300.0
2018-08-22 19:30:00,2.5856324444444443,1735200.0
2018-08-22 19:45:00,2.6112084444444443,1736100.0
2018-08-22 20:00:00,2.6293640000000003,1737000.0
2018-08-22 20:15:00,2.4759131111111112,1737900.0
2018-08-22 20:30:00,2.3170917777777778,1738800.0
2018-08-22 20:45:00,2.154290888888889,1739700.0
2018-08-22 21:00:00,1.9880511111111114,1740600.0
2018-08-22 21:15:00,1.8193113333333337,1741500.0
2018-08-22 21:30:00,1.6483233333333336,1742400.0
2018-08-22 21:45:00,1.4751353333333337,1743300.0
2018-08-22 22:00:00,1.3031695555555558,1744200.0
2018-08-22 22:15:00,1.1302871111111115,1745100.0
2018-08-22 22:30:00,0.9563380000000001,1746000.0
2018-08-22 22:45:00,0.7833055555555556,1746900.0
2018-08-22 23:00:00,0.610423111111111,1747800.0
2018-08-22 23:15:00,0.4380722222222222,1748700.0
2018-08-22 23:30:00,0.26736755555555547,1749600.0
2018-08-22 23:45:00,0.1,1750500.0
2018-08-23 00:00:00,0.1,1751400.0
2018-08-23 00:15:00,0.1,1752300.0
2018-08-23 00:30:00,0.1,1753200.0
2018-08-23 00:45:00,0.1,1754100.0
2018-08-23 01:00:00,0.1,1755000.0
2018-08-23 01:15:00,0.1,1755900.0
2018-08-23 01:30:00,0.1,1756800.0
2018-08-23 01:45:00,0.1,1757700.0
2018-08-23 02:00:00,0.1,1758600.0
2018-08-23 02:15:00,0.1,1759500.0
2018-08-23 02:30:00,0.1,1760400.0
2018-08-23 02:45:00,0.1,1761300.0
2018-08-23 03:00:00,0.1,1762200.0
2018-08-23 03:15:00,0.1,1763100.0
2018-08-23 03:30:00,0.1,1764000.0
2018-08-23 03:45:00,0.1,1764900.0
2018-08-23 04:00:00,0.1,1765800.0
2018-08-23 04:15:00,0.1,1766700.0
2018-08-23 04:30:00,0.1,1767600.0
2018-08-23 04:45:00,0.1,1768500.0
2018-08-23 05:00:00,0.1,1769400.0
2018-08-23 05:15:00,0.1,1770300.0
2018-08-23 05:30:00,0.1,1771200.0
2018-08-23 05:45:00,0.1,1772100.0
2018-08-23 06:00:00,0.1,1773000.0
2018-08-23 06:15:00,0.1,1773900.0
2018-08-23 06:30:00,0.1,1774800.0
2018-08-23 06:45:00,0.1,1775700.0
2018-08-23 07:00:00,0.1,1776600.0
2018-08-23 07:15:00,0.1,1777500.0
2018-08-23 07:30:00,0.1,1778400.0
2018-08-23 07:45:00,0.1,1779300.0
2018-08-23 08:00:00,0.1,1780200.0
2018-08-23 08:15:00,0.1,1781100.0
2018-08-23 08:30:00,0.1,1782000.0
2018-08-23 08:45:00,0.1,1782900.0
2018-08-23 09:00:00,0.1,1783800.0
2018-08-23 09:15:00,0.1,1784700.0
2018-08-23 09:30:00,0.1,1785600.0
2018-08-23 09:45:00,0.1,1786500.0
2018-08-23 10:00:00,0.1,1787400.0
2018-08-23 10:15:00,0.1,1788300.0
2018-08-23 10:30:00,0.1,1789200.0
2018-08-23 10:45:00,0.1,1790100.0
2018-08-23 11:00:00,0.1,1791000.0
2018-08-23 11:15:00,0.1,1791900.0
2018-08-23 11:30:00,0.1,1792800.0
2018-08-23 11:45:00,0.1,1793700.0
2018-08-23 12:00:00,0.1,1794600.0
2018-08-23 12:15:00,0.1,1795500.0
2018-08-23 12:30:00,0.17357866666666655,1796400.0
2018-08-23 12:45:00,0.17357866666666655,1797300.0
2018-08-23 13:00:00,0.17357866666666655,1798200.0
2018-08-23 13:15:00,0.17357866666666655,1799100.0
2018-08-23 13:30:00,0.2567666666666666,1800000.0
2018-08-23 13:45:00,0.2567666666666666,1800900.0
2018-08-23 14:00:00,0.34036199999999994,1801800.0
2018-08-23 14:15:00,0.42698888888888886,1802700.0
2018-08-23 14:30:00,0.520988,1803600.0
2018-08-23 14:45:00,0.520988,1804500.0
2018-08-23 15:00:00,0.6207222222222222,1805400.0
2018-08-23 15:15:00,0.7220824444444445,1806300.0
2018-08-23 15:30:00,0.8273944444444444,1807200.0
2018-08-23 15:45:00,0.9357342222222221,1808100.0
2018-08-23 16:00:00,1.0652073333333334,1809000.0
2018-08-23 16:15:00,0.9916286666666665,1809900.0
2018-08-23 16:30:00,0.9916286666666665,1810800.0
2018-08-23 16:45:00,1.172888888888889,1811700.0
2018-08-23 17:00:00,1.355376888888889,1812600.0
2018-08-23 17:15:00,1.4565324444444445,1813500.0
2018-08-23 17:30:00,1.644253777777778,1814400.0
2018-08-23 17:45:00,1.748026,1815300.0
2018-08-23 18:00:00,1.849426,1816200.0
2018-08-23 18:15:00,1.9435555555555555,1817100.0
